Workbook

Sheet Intro
A1: THIS IS A VIEW-ONLY EXCEL SHEET.
A2: DOWNLOAD THIS SHEET (FILE -> DOWNLOAD AS XLSX) AND THEN USE IT ON YOUR OWN
A4: This sheet has been prepared by Ankur Warikoo, who is NOT a financial advisor :)
A5: So use this sheet with your judgement and not like "this is my final decision"
A7: All cells in green are input cells, which means you have to put in the number
A8: All other cells - ideally you should not touch them. But I have kept them open, so that you can see the formula and how it works
A10: NOTE:
A11: Since I am not a financial advisor, there could be some errors in the sheet. If there are, send me an email and I will fix them. Simple :)
A13: Hope you find this useful.

Sheet How much will I make
A1: Current Age | C1: 20
A2: Retirement Age | C2: 60
A3: Monthly Contributions | C3: 500
A4: Yearly increase in contribution | C4: 0.05
A5: Inflation | C5: 0.05
B7: If you make this return | C7: Your bank will show this amount | D7: But, adjusted for inflation this amount will be equal to? | E7: In other words, at the end of your retirement age, you will have
B8: 5% - FD returns | C8: =VLOOKUP(Calculations!$B$1*12,Calculations!A4:AH654,4,0) -> 1682565.6 | D8: =VLOOKUP(Calculations!$B$1*12,Calculations!A4:AH654,6,0) -> 724798.65 | E8: =D8/10000000 -> 0.072479865 | F8: Crores (in today's money) to spend
B9: 10% - Gold returns | C9: =VLOOKUP(Calculations!$B$1*12,Calculations!A5:AH655,8,0) -> 5358115.6 | D9: =VLOOKUP(Calculations!$B$1*12,Calculations!A5:AH655,10,0) -> 1675594 | E9: =D9/10000000 -> 0.1675594 | F9: Crores (in today's money) to spend
B10: 15% - Equity returns | C10: =VLOOKUP(Calculations!$B$1*12,Calculations!A6:AH656,12,0) -> 22158439 | D10: =VLOOKUP(Calculations!$B$1*12,Calculations!A6:AH656,14,0) -> 5300464.4 | E10: =D10/10000000 -> 0.53004644 | F10: Crores (in today's money) to spend
B11: 20% - High risk equity returns | C11: =VLOOKUP(Calculations!$B$1*12,Calculations!A7:AH657,16,0) -> 1.0816166e+08 | D11: =VLOOKUP(Calculations!$B$1*12,Calculations!A7:AH657,18,0) -> 21744087 | E11: =D11/10000000 -> 2.1744087 | F11: Crores (in today's money) to spend
B12: 25% - very hard to get | C12: =VLOOKUP(Calculations!$B$1*12,Calculations!A8:AH658,20,0) -> 5.8018447e+08 | D12: =VLOOKUP(Calculations!$B$1*12,Calculations!A8:AH658,22,0) -> 1.0525593e+08 | E12: =D12/10000000 -> 10.525593 | F12: Crores (in today's money) to spend
B13: 30% - extremely risky | C13: =VLOOKUP(Calculations!$B$1*12,Calculations!A9:AH659,24,0) -> 3.2846146e+09 | D13: =VLOOKUP(Calculations!$B$1*12,Calculations!A9:AH659,26,0) -> 5.5995143e+08 | E13: =D13/10000000 -> 55.995143 | F13: Crores (in today's money) to spend
B14: 35% - almost impossible | C14: =VLOOKUP(Calculations!$B$1*12,Calculations!A10:AH660,28,0) -> 1.9204951e+10 | D14: =VLOOKUP(Calculations!$B$1*12,Calculations!A10:AH660,30,0) -> 3.1444248e+09 | E14: =D14/10000000 -> 314.44248 | F14: Crores (in today's money) to spend
B15: 40% - forget it :) | C15: =VLOOKUP(Calculations!$B$1*12,Calculations!A11:AH661,32,0) -> 1.1456493e+11 | D15: =VLOOKUP(Calculations!$B$1*12,Calculations!A11:AH661,34,0) -> 1.8238751e+10 | E15: =D15/10000000 -> 1823.8751 | F15: Crores (in today's money) to spend

Sheet Calculations
A1: Period | B1: ='How much will I make'!C2-'How much will I make'!C1 -> 40
C3: 0.05 | G3: 0.1 | K3: 0.15 | O3: 0.2 | S3: 0.25 | W3: 0.3 | AA3: 0.35 | AE3: 0.4
A4: Month | B4: Monthly | C4: FV | D4: Cum FV | E4: NPV | F4: Cum | G4: FV | H4: Cum FV | I4: NPV | J4: Cum | K4: FV | L4: Cum FV | M4: NPV | N4: Cum | O4: FV | P4: Cum FV | Q4: NPV | R4: Cum | S4: FV | T4: Cum FV | U4: NPV | V4: Cum | W4: FV | X4: Cum FV | Y4: NPV | Z4: Cum | AA4: FV | AB4: Cum FV | AC4: NPV | AD4: Cum | AE4: FV | AF4: Cum FV | AG4: NPV | AH4: Cum
A5: 1 | B5: ='How much will I make'!C3 -> 500 | C5: =$B5*(1+$C$3/12)^($B$1*12-$A5) -> 3663.9422 | D5: =C5 -> 3663.9422 | E5: =C$5/((1+'How much will I make'!$C$5/12)^(Calculations!$B$1*12-Calculations!$A5)) -> 500 | F5: =E5 -> 500 | G5: =$B5*(1+G$3/12)^($B$1*12-$A5) -> 26628.428 | H5: =G5 -> 26628.428 | I5: =G5/((1+'How much will I make'!$C$5/12)^(Calculations!$B$1*12-Calculations!$A5)) -> 3633.8493 | J5: =I5 -> 3633.8493 | K5: =$B5*(1+K$3/12)^($B$1*12-$A5) -> 191950.96 | L5: =K5 -> 191950.96 | M5: =K5/((1+'How much will I make'!$C$5/12)^(Calculations!$B$1*12-Calculations!$A5)) -> 26194.594 | N5: =M5 -> 26194.594 | O5: =$B5*(1+O$3/12)^($B$1*12-$A5) -> 1372499 | P5: =O5 -> 1372499 | Q5: =O5/((1+'How much will I make'!$C$5/12)^(Calculations!$B$1*12-Calculations!$A5)) -> 187298.12 | R5: =Q5 -> 187298.12 | S5: =$B5*(1+S$3/12)^($B$1*12-$A5) -> 9735082.5 | T5: =S5 -> 9735082.5 | U5: =S5/((1+'How much will I make'!$C$5/12)^(Calculations!$B$1*12-Calculations!$A5)) -> 1328498.4 | V5: =U5 -> 1328498.4 | W5: =$B5*(1+W$3/12)^($B$1*12-$A5) -> 68501728 | X5: =W5 -> 68501728 | Y5: =W5/((1+'How much will I make'!$C$5/12)^(Calculations!$B$1*12-Calculations!$A5)) -> 9348090.6 | Z5: =Y5 -> 9348090.6 | AA5: =$B5*(1+AA$3/12)^($B$1*12-$A5) -> 4.7821791e+08 | AB5: =AA5 -> 4.7821791e+08 | AC5: =AA5/((1+'How much will I make'!$C$5/12)^(Calculations!$B$1*12-Calculations!$A5)) -> 65260023 | AD5: =AC5 -> 65260023 | AE5: =$B5*(1+AE$3/12)^($B$1*12-$A5) -> 3.3123814e+09 | AF5: =AE5 -> 3.3123814e+09 | AG5: =AE5/((1+'How much will I make'!$C$5/12)^(Calculations!$B$1*12-Calculations!$A5)) -> 4.5202424e+08 | AH5: =AG5 -> 4.5202424e+08
A6: =A5+1 -> 2 | B6: =B5 -> 500 | C6: =$B6*(1+$C$3/12)^($B$1*12-$A6) -> 3648.7392 | D6: =C6+D5 -> 7312.6814 | E6: =$C6/((1+'How much will I make'!$C$5/12)^(Calculations!$B$1*12-Calculations!$A6)) -> 500 | F6: =E6+F5 -> 1000 | G6: =$B6*(1+G$3/12)^($B$1*12-$A6) -> 26408.358 | H6: =G6+H5 -> 53036.786 | I6: =G6/((1+'How much will I make'!$C$5/12)^(Calculations!$B$1*12-Calculations!$A6)) -> 3618.8334 | J6: =I6+J5 -> 7252.6827 | K6: =$B6*(1+K$3/12)^($B$1*12-$A6) -> 189581.19 | L6: =K6+L5 -> 381532.15 | M6: =K6/((1+'How much will I make'!$C$5/12)^(Calculations!$B$1*12-Calculations!$A6)) -> 25979 | N6: =M6+N5 -> 52173.594 | O6: =$B6*(1+O$3/12)^($B$1*12-$A6) -> 1349999 | P6: =O6+P5 -> 2722498 | Q6: =O6/((1+'How much will I make'!$C$5/12)^(Calculations!$B$1*12-Calculations!$A6)) -> 184995.28 | R6: =Q6+R5 -> 372293.4 | S6: =$B6*(1+S$3/12)^($B$1*12-$A6) -> 9536407.3 | T6: =S6+T5 -> 19271490 | U6: =S6/((1+'How much will I make'!$C$5/12)^(Calculations!$B$1*12-Calculations!$A6)) -> 1306808.6 | V6: =U6+V5 -> 2635306.9 | W6: =$B6*(1+W$3/12)^($B$1*12-$A6) -> 66830954 | X6: =W6+X5 -> 1.3533268e+08 | Y6: =W6/((1+'How much will I make'!$C$5/12)^(Calculations!$B$1*12-Calculations!$A6)) -> 9158088.8 | Z6: =Y6+Z5 -> 18506179 | AA6: =$B6*(1+AA$3/12)^($B$1*12-$A6) -> 4.6466517e+08 | AB6: =AA6+AB5 -> 9.4288308e+08 | AC6: =AA6/((1+'How much will I make'!$C$5/12)^(Calculations!$B$1*12-Calculations!$A6)) -> 63674759 | AD6: =AC6+AD5 -> 1.2893478e+08 | AE6: =$B6*(1+AE$3/12)^($B$1*12-$A6) -> 3.2055304e+09 | AF6: =AE6+AF5 -> 6.5179118e+09 | AG6: =AE6/((1+'How much will I make'!$C$5/12)^(Calculations!$B$1*12-Calculations!$A6)) -> 4.3926549e+08 | AH6: =AG6+AH5 -> 8.9128974e+08
A7: =A6+1 -> 3 | B7: =B6 -> 500 | C7: =$B7*(1+$C$3/12)^($B$1*12-$A7) -> 3633.5992 | D7: =C7+D6 -> 10946.281 | E7: =$C7/((1+'How much will I make'!$C$5/12)^(Calculations!$B$1*12-Calculations!$A7)) -> 500 | F7: =E7+F6 -> 1500 | G7: =$B7*(1+G$3/12)^($B$1*12-$A7) -> 26190.107 | H7: =G7+H6 -> 79226.894 | I7: =G7/((1+'How much will I make'!$C$5/12)^(Calculations!$B$1*12-Calculations!$A7)) -> 3603.8796 | J7: =I7+J6 -> 10856.562 | K7: =$B7*(1+K$3/12)^($B$1*12-$A7) -> 187240.68 | L7: =K7+L6 -> 568772.83 | M7: =K7/((1+'How much will I make'!$C$5/12)^(Calculations!$B$1*12-Calculations!$A7)) -> 25765.181 | N7: =M7+N6 -> 77938.775 | O7: =$B7*(1+O$3/12)^($B$1*12-$A7) -> 1327867.9 | P7: =O7+P6 -> 4050365.9 | Q7: =O7/((1+'How much will I make'!$C$5/12)^(Calculations!$B$1*12-Calculations!$A7)) -> 182720.75 | R7: =Q7+R6 -> 555014.15 | S7: =$B7*(1+S$3/12)^($B$1*12-$A7) -> 9341786.8 | T7: =S7+T6 -> 28613277 | U7: =S7/((1+'How much will I make'!$C$5/12)^(Calculations!$B$1*12-Calculations!$A7)) -> 1285472.9 | V7: =U7+V6 -> 3920779.9 | W7: =$B7*(1+W$3/12)^($B$1*12-$A7) -> 65200931 | X7: =W7+X6 -> 2.0053361e+08 | Y7: =W7/((1+'How much will I make'!$C$5/12)^(Calculations!$B$1*12-Calculations!$A7)) -> 8971948.8 | Z7: =Y7+Z6 -> 27478128 | AA7: =$B7*(1+AA$3/12)^($B$1*12-$A7) -> 4.5149653e+08 | AB7: =AA7+AB6 -> 1.3943796e+09 | AC7: =AA7/((1+'How much will I make'!$C$5/12)^(Calculations!$B$1*12-Calculations!$A7)) -> 62128004 | AD7: =AC7+AD6 -> 1.9106279e+08 | AE7: =$B7*(1+AE$3/12)^($B$1*12-$A7) -> 3.1021262e+09 | AF7: =AE7+AF6 -> 9.620038e+09 | AG7: =AE7/((1+'How much will I make'!$C$5/12)^(Calculations!$B$1*12-Calculations!$A7)) -> 4.2686687e+08 | AH7: =AG7+AH6 -> 1.3181566e+09
A8: =A7+1 -> 4 | B8: =B7 -> 500 | C8: =$B8*(1+$C$3/12)^($B$1*12-$A8) -> 3618.522 | D8: =C8+D7 -> 14564.803 | E8: =$C8/((1+'How much will I make'!$C$5/12)^(Calculations!$B$1*12-Calculations!$A8)) -> 500 | F8: =E8+F7 -> 2000 | G8: =$B8*(1+G$3/12)^($B$1*12-$A8) -> 25973.66 | H8: =G8+H7 -> 105200.55 | I8: =G8/((1+'How much will I make'!$C$5/12)^(Calculations!$B$1*12-Calculations!$A8)) -> 3588.9875 | J8: =I8+J7 -> 14445.55 | K8: =$B8*(1+K$3/12)^($B$1*12-$A8) -> 184929.07 | L8: =K8+L7 -> 753701.9 | M8: =K8/((1+'How much will I make'!$C$5/12)^(Calculations!$B$1*12-Calculations!$A8)) -> 25553.122 | N8: =M8+N7 -> 103491.9 | O8: =$B8*(1+O$3/12)^($B$1*12-$A8) -> 1306099.6 | P8: =O8+P7 -> 5356465.5 | Q8: =O8/((1+'How much will I make'!$C$5/12)^(Calculations!$B$1*12-Calculations!$A8)) -> 180474.18 | R8: =Q8+R7 -> 735488.33 | S8: =$B8*(1+S$3/12)^($B$1*12-$A8) -> 9151138.1 | T8: =S8+T7 -> 37764415 | U8: =S8/((1+'How much will I make'!$C$5/12)^(Calculations!$B$1*12-Calculations!$A8)) -> 1264485.6 | V8: =U8+V7 -> 5185265.5 | W8: =$B8*(1+W$3/12)^($B$1*12-$A8) -> 63610664 | X8: =W8+X7 -> 2.6414428e+08 | Y8: =W8/((1+'How much will I make'!$C$5/12)^(Calculations!$B$1*12-Calculations!$A8)) -> 8789592.1 | Z8: =Y8+Z7 -> 36267720 | AA8: =$B8*(1+AA$3/12)^($B$1*12-$A8) -> 4.3870108e+08 | AB8: =AA8+AB7 -> 1.8330807e+09 | AC8: =AA8/((1+'How much will I make'!$C$5/12)^(Calculations!$B$1*12-Calculations!$A8)) -> 60618822 | AD8: =AC8+AD7 -> 2.5168161e+08 | AE8: =$B8*(1+AE$3/12)^($B$1*12-$A8) -> 3.0020576e+09 | AF8: =AE8+AF7 -> 1.2622096e+10 | AG8: =AE8/((1+'How much will I make'!$C$5/12)^(Calculations!$B$1*12-Calculations!$A8)) -> 4.1481821e+08 | AH8: =AG8+AH7 -> 1.7329748e+09
A9: =A8+1 -> 5 | B9: =B8 -> 500 | C9: =$B9*(1+$C$3/12)^($B$1*12-$A9) -> 3603.5074 | D9: =C9+D8 -> 18168.31 | E9: =$C9/((1+'How much will I make'!$C$5/12)^(Calculations!$B$1*12-Calculations!$A9)) -> 500 | F9: =E9+F8 -> 2500 | G9: =$B9*(1+G$3/12)^($B$1*12-$A9) -> 25759.002 | H9: =G9+H8 -> 130959.56 | I9: =G9/((1+'How much will I make'!$C$5/12)^(Calculations!$B$1*12-Calculations!$A9)) -> 3574.157 | J9: =I9+J8 -> 18019.707 | K9: =$B9*(1+K$3/12)^($B$1*12-$A9) -> 182645.99 | L9: =K9+L8 -> 936347.89 | M9: =K9/((1+'How much will I make'!$C$5/12)^(Calculations!$B$1*12-Calculations!$A9)) -> 25342.808 | N9: =M9+N8 -> 128834.71 | O9: =$B9*(1+O$3/12)^($B$1*12-$A9) -> 1284688.1 | P9: =O9+P8 -> 6641153.6 | Q9: =O9/((1+'How much will I make'!$C$5/12)^(Calculations!$B$1*12-Calculations!$A9)) -> 178255.23 | R9: =Q9+R8 -> 913743.56 | S9: =$B9*(1+S$3/12)^($B$1*12-$A9) -> 8964380.1 | T9: =S9+T8 -> 46728795 | U9: =S9/((1+'How much will I make'!$C$5/12)^(Calculations!$B$1*12-Calculations!$A9)) -> 1243841 | V9: =U9+V8 -> 6429106.5 | W9: =$B9*(1+W$3/12)^($B$1*12-$A9) -> 62059185 | X9: =W9+X8 -> 3.2620346e+08 | Y9: =W9/((1+'How much will I make'!$C$5/12)^(Calculations!$B$1*12-Calculations!$A9)) -> 8610941.8 | Z9: =Y9+Z8 -> 44878662 | AA9: =$B9*(1+AA$3/12)^($B$1*12-$A9) -> 4.2626825e+08 | AB9: =AA9+AB8 -> 2.2593489e+09 | AC9: =AA9/((1+'How much will I make'!$C$5/12)^(Calculations!$B$1*12-Calculations!$A9)) -> 59146300 | AD9: =AC9+AD8 -> 3.1082791e+08 | AE9: =$B9*(1+AE$3/12)^($B$1*12-$A9) -> 2.905217e+09 | AF9: =AE9+AF8 -> 1.5527313e+10 | AG9: =AE9/((1+'How much will I make'!$C$5/12)^(Calculations!$B$1*12-Calculations!$A9)) -> 4.0310963e+08 | AH9: =AG9+AH8 -> 2.1360844e+09
A10: =A9+1 -> 6 | B10: =B9 -> 500 | C10: =$B10*(1+$C$3/12)^($B$1*12-$A10) -> 3588.5551 | D10: =C10+D9 -> 21756.865 | E10: =$C10/((1+'How much will I make'!$C$5/12)^(Calculations!$B$1*12-Calculations!$A10)) -> 500 | F10: =E10+F9 -> 3000 | G10: =$B10*(1+G$3/12)^($B$1*12-$A10) -> 25546.118 | H10: =G10+H9 -> 156505.67 | I10: =G10/((1+'How much will I make'!$C$5/12)^(Calculations!$B$1*12-Calculations!$A10)) -> 3559.3877 | J10: =I10+J9 -> 21579.094 | K10: =$B10*(1+K$3/12)^($B$1*12-$A10) -> 180391.1 | L10: =K10+L9 -> 1116739 | M10: =K10/((1+'How much will I make'!$C$5/12)^(Calculations!$B$1*12-Calculations!$A10)) -> 25134.226 | N10: =M10+N9 -> 153968.93 | O10: =$B10*(1+O$3/12)^($B$1*12-$A10) -> 1263627.6 | P10: =O10+P9 -> 7904781.3 | Q10: =O10/((1+'How much will I make'!$C$5/12)^(Calculations!$B$1*12-Calculations!$A10)) -> 176063.57 | R10: =Q10+R9 -> 1089807.1 | S10: =$B10*(1+S$3/12)^($B$1*12-$A10) -> 8781433.6 | T10: =S10+T9 -> 55510228 | U10: =S10/((1+'How much will I make'!$C$5/12)^(Calculations!$B$1*12-Calculations!$A10)) -> 1223533.4 | V10: =U10+V9 -> 7652639.8 | W10: =$B10*(1+W$3/12)^($B$1*12-$A10) -> 60545546 | X10: =W10+X9 -> 3.8674901e+08 | Y10: =W10/((1+'How much will I make'!$C$5/12)^(Calculations!$B$1*12-Calculations!$A10)) -> 8435922.7 | Z10: =Y10+Z9 -> 53314585 | AA10: =$B10*(1+AA$3/12)^($B$1*12-$A10) -> 4.1418778e+08 | AB10: =AA10+AB9 -> 2.6735367e+09 | AC10: =AA10/((1+'How much will I make'!$C$5/12)^(Calculations!$B$1*12-Calculations!$A10)) -> 57709547 | AD10: =AC10+AD9 -> 3.6853746e+08 | AE10: =$B10*(1+AE$3/12)^($B$1*12-$A10) -> 2.8115004e+09 | AF10: =AE10+AF9 -> 1.8338813e+10 | AG10: =AE10/((1+'How much will I make'!$C$5/12)^(Calculations!$B$1*12-Calculations!$A10)) -> 3.9173154e+08 | AH10: =AG10+AH9 -> 2.527816e+09
A11: =A10+1 -> 7 | B11: =B10 -> 500 | C11: =$B11*(1+$C$3/12)^($B$1*12-$A11) -> 3573.6648 | D11: =C11+D10 -> 25330.53 | E11: =$C11/((1+'How much will I make'!$C$5/12)^(Calculations!$B$1*12-Calculations!$A11)) -> 500 | F11: =E11+F10 -> 3500 | G11: =$B11*(1+G$3/12)^($B$1*12-$A11) -> 25334.993 | H11: =G11+H10 -> 181840.67 | I11: =G11/((1+'How much will I make'!$C$5/12)^(Calculations!$B$1*12-Calculations!$A11)) -> 3544.6795 | J11: =I11+J10 -> 25123.774 | K11: =$B11*(1+K$3/12)^($B$1*12-$A11) -> 178164.05 | L11: =K11+L10 -> 1294903 | M11: =K11/((1+'How much will I make'!$C$5/12)^(Calculations!$B$1*12-Calculations!$A11)) -> 24927.36 | N11: =M11+N10 -> 178896.29 | O11: =$B11*(1+O$3/12)^($B$1*12-$A11) -> 1242912.4 | P11: =O11+P10 -> 9147693.7 | Q11: =O11/((1+'How much will I make'!$C$5/12)^(Calculations!$B$1*12-Calculations!$A11)) -> 173898.86 | R11: =Q11+R10 -> 1263706 | S11: =$B11*(1+S$3/12)^($B$1*12-$A11) -> 8602220.7 | T11: =S11+T10 -> 64112449 | U11: =S11/((1+'How much will I make'!$C$5/12)^(Calculations!$B$1*12-Calculations!$A11)) -> 1203557.3 | V11: =U11+V10 -> 8856197.1 | W11: =$B11*(1+W$3/12)^($B$1*12-$A11) -> 59068825 | X11: =W11+X10 -> 4.4581783e+08 | Y11: =W11/((1+'How much will I make'!$C$5/12)^(Calculations!$B$1*12-Calculations!$A11)) -> 8264460.8 | Z11: =Y11+Z10 -> 61579046 | AA11: =$B11*(1+AA$3/12)^($B$1*12-$A11) -> 4.0244966e+08 | AB11: =AA11+AB10 -> 3.0759864e+09 | AC11: =AA11/((1+'How much will I make'!$C$5/12)^(Calculations!$B$1*12-Calculations!$A11)) -> 56307696 | AD11: =AC11+AD10 -> 4.2484515e+08 | AE11: =$B11*(1+AE$3/12)^($B$1*12-$A11) -> 2.7208068e+09 | AF11: =AE11+AF10 -> 2.105962e+10 | AG11: =AE11/((1+'How much will I make'!$C$5/12)^(Calculations!$B$1*12-Calculations!$A11)) -> 3.806746e+08 | AH11: =AG11+AH10 -> 2.9084906e+09
A12: =A11+1 -> 8 | B12: =B11 -> 500 | C12: =$B12*(1+$C$3/12)^($B$1*12-$A12) -> 3558.8363 | D12: =C12+D11 -> 28889.366 | E12: =$C12/((1+'How much will I make'!$C$5/12)^(Calculations!$B$1*12-Calculations!$A12)) -> 500 | F12: =E12+F11 -> 4000 | G12: =$B12*(1+G$3/12)^($B$1*12-$A12) -> 25125.613 | H12: =G12+H11 -> 206966.28 | I12: =G12/((1+'How much will I make'!$C$5/12)^(Calculations!$B$1*12-Calculations!$A12)) -> 3530.0321 | J12: =I12+J11 -> 28653.806 | K12: =$B12*(1+K$3/12)^($B$1*12-$A12) -> 175964.5 | L12: =K12+L11 -> 1470867.5 | M12: =K12/((1+'How much will I make'!$C$5/12)^(Calculations!$B$1*12-Calculations!$A12)) -> 24722.196 | N12: =M12+N11 -> 203618.49 | O12: =$B12*(1+O$3/12)^($B$1*12-$A12) -> 1222536.8 | P12: =O12+P11 -> 10370231 | Q12: =O12/((1+'How much will I make'!$C$5/12)^(Calculations!$B$1*12-Calculations!$A12)) -> 171760.76 | R12: =Q12+R11 -> 1435466.7 | S12: =$B12*(1+S$3/12)^($B$1*12-$A12) -> 8426665.1 | T12: =S12+T11 -> 72539114 | U12: =S12/((1+'How much will I make'!$C$5/12)^(Calculations!$B$1*12-Calculations!$A12)) -> 1183907.4 | V12: =U12+V11 -> 10040105 | W12: =$B12*(1+W$3/12)^($B$1*12-$A12) -> 57628122 | X12: =W12+X11 -> 5.0344596e+08 | Y12: =W12/((1+'How much will I make'!$C$5/12)^(Calculations!$B$1*12-Calculations!$A12)) -> 8096484 | Z12: =Y12+Z11 -> 69675530 | AA12: =$B12*(1+AA$3/12)^($B$1*12-$A12) -> 3.9104421e+08 | AB12: =AA12+AB11 -> 3.4670306e+09 | AC12: =AA12/((1+'How much will I make'!$C$5/12)^(Calculations!$B$1*12-Calculations!$A12)) -> 54939898 | AD12: =AC12+AD11 -> 4.7978505e+08 | AE12: =$B12*(1+AE$3/12)^($B$1*12-$A12) -> 2.6330388e+09 | AF12: =AE12+AF11 -> 2.3692659e+10 | AG12: =AE12/((1+'How much will I make'!$C$5/12)^(Calculations!$B$1*12-Calculations!$A12)) -> 3.6992975e+08 | AH12: =AG12+AH11 -> 3.2784203e+09
A13: =A12+1 -> 9 | B13: =B12 -> 500 | C13: =$B13*(1+$C$3/12)^($B$1*12-$A13) -> 3544.0693 | D13: =C13+D12 -> 32433.435 | E13: =$C13/((1+'How much will I make'!$C$5/12)^(Calculations!$B$1*12-Calculations!$A13)) -> 500 | F13: =E13+F12 -> 4500 | G13: =$B13*(1+G$3/12)^($B$1*12-$A13) -> 24917.963 | H13: =G13+H12 -> 231884.24 | I13: =G13/((1+'How much will I make'!$C$5/12)^(Calculations!$B$1*12-Calculations!$A13)) -> 3515.4452 | J13: =I13+J12 -> 32169.251 | K13: =$B13*(1+K$3/12)^($B$1*12-$A13) -> 173792.1 | L13: =K13+L12 -> 1644659.6 | M13: =K13/((1+'How much will I make'!$C$5/12)^(Calculations!$B$1*12-Calculations!$A13)) -> 24518.721 | N13: =M13+N12 -> 228137.21 | O13: =$B13*(1+O$3/12)^($B$1*12-$A13) -> 1202495.2 | P13: =O13+P12 -> 11572726 | Q13: =O13/((1+'How much will I make'!$C$5/12)^(Calculations!$B$1*12-Calculations!$A13)) -> 169648.94 | R13: =Q13+R12 -> 1605115.7 | S13: =$B13*(1+S$3/12)^($B$1*12-$A13) -> 8254692.4 | T13: =S13+T12 -> 80793807 | U13: =S13/((1+'How much will I make'!$C$5/12)^(Calculations!$B$1*12-Calculations!$A13)) -> 1164578.3 | V13: =U13+V12 -> 11204683 | W13: =$B13*(1+W$3/12)^($B$1*12-$A13) -> 56222558 | X13: =W13+X12 -> 5.5966851e+08 | Y13: =W13/((1+'How much will I make'!$C$5/12)^(Calculations!$B$1*12-Calculations!$A13)) -> 7931921.3 | Z13: =Y13+Z12 -> 77607451 | AA13: =$B13*(1+AA$3/12)^($B$1*12-$A13) -> 3.7996198e+08 | AB13: =AA13+AB12 -> 3.8469926e+09 | AC13: =AA13/((1+'How much will I make'!$C$5/12)^(Calculations!$B$1*12-Calculations!$A13)) -> 53605325 | AD13: =AC13+AD12 -> 5.3339037e+08 | AE13: =$B13*(1+AE$3/12)^($B$1*12-$A13) -> 2.5481021e+09 | AF13: =AE13+AF12 -> 2.6240761e+10 | AG13: =AE13/((1+'How much will I make'!$C$5/12)^(Calculations!$B$1*12-Calculations!$A13)) -> 3.5948818e+08 | AH13: =AG13+AH12 -> 3.6379085e+09
A14: =A13+1 -> 10 | B14: =B13 -> 500 | C14: =$B14*(1+$C$3/12)^($B$1*12-$A14) -> 3529.3637 | D14: =C14+D13 -> 35962.799 | E14: =$C14/((1+'How much will I make'!$C$5/12)^(Calculations!$B$1*12-Calculations!$A14)) -> 500 | F14: =E14+F13 -> 5000 | G14: =$B14*(1+G$3/12)^($B$1*12-$A14) -> 24712.029 | H14: =G14+H13 -> 256596.27 | I14: =G14/((1+'How much will I make'!$C$5/12)^(Calculations!$B$1*12-Calculations!$A14)) -> 3500.9185 | J14: =I14+J13 -> 35670.17 | K14: =$B14*(1+K$3/12)^($B$1*12-$A14) -> 171646.52 | L14: =K14+L13 -> 1816306.2 | M14: =K14/((1+'How much will I make'!$C$5/12)^(Calculations!$B$1*12-Calculations!$A14)) -> 24316.921 | N14: =M14+N13 -> 252454.13 | O14: =$B14*(1+O$3/12)^($B$1*12-$A14) -> 1182782.2 | P14: =O14+P13 -> 12755508 | Q14: =O14/((1+'How much will I make'!$C$5/12)^(Calculations!$B$1*12-Calculations!$A14)) -> 167563.09 | R14: =Q14+R13 -> 1772678.8 | S14: =$B14*(1+S$3/12)^($B$1*12-$A14) -> 8086229.3 | T14: =S14+T13 -> 88880036 | U14: =S14/((1+'How much will I make'!$C$5/12)^(Calculations!$B$1*12-Calculations!$A14)) -> 1145564.8 | V14: =U14+V13 -> 12350248 | W14: =$B14*(1+W$3/12)^($B$1*12-$A14) -> 54851276 | X14: =W14+X13 -> 6.1451979e+08 | Y14: =W14/((1+'How much will I make'!$C$5/12)^(Calculations!$B$1*12-Calculations!$A14)) -> 7770703.4 | Z14: =Y14+Z13 -> 85378154 | AA14: =$B14*(1+AA$3/12)^($B$1*12-$A14) -> 3.6919383e+08 | AB14: =AA14+AB13 -> 4.2161864e+09 | AC14: =AA14/((1+'How much will I make'!$C$5/12)^(Calculations!$B$1*12-Calculations!$A14)) -> 52303172 | AD14: =AC14+AD13 -> 5.8569355e+08 | AE14: =$B14*(1+AE$3/12)^($B$1*12-$A14) -> 2.4659053e+09 | AF14: =AE14+AF13 -> 2.8706666e+10 | AG14: =AE14/((1+'How much will I make'!$C$5/12)^(Calculations!$B$1*12-Calculations!$A14)) -> 3.4934134e+08 | AH14: =AG14+AH13 -> 3.9872499e+09
A15: =A14+1 -> 11 | B15: =B14 -> 500 | C15: =$B15*(1+$C$3/12)^($B$1*12-$A15) -> 3514.719 | D15: =C15+D14 -> 39477.518 | E15: =$C15/((1+'How much will I make'!$C$5/12)^(Calculations!$B$1*12-Calculations!$A15)) -> 500 | F15: =E15+F14 -> 5500 | G15: =$B15*(1+G$3/12)^($B$1*12-$A15) -> 24507.798 | H15: =G15+H14 -> 281104.07 | I15: =G15/((1+'How much will I make'!$C$5/12)^(Calculations!$B$1*12-Calculations!$A15)) -> 3486.4519 | J15: =I15+J14 -> 39156.622 | K15: =$B15*(1+K$3/12)^($B$1*12-$A15) -> 169527.42 | L15: =K15+L14 -> 1985833.6 | M15: =K15/((1+'How much will I make'!$C$5/12)^(Calculations!$B$1*12-Calculations!$A15)) -> 24116.782 | N15: =M15+N14 -> 276570.91 | O15: =$B15*(1+O$3/12)^($B$1*12-$A15) -> 1163392.3 | P15: =O15+P14 -> 13918900 | Q15: =O15/((1+'How much will I make'!$C$5/12)^(Calculations!$B$1*12-Calculations!$A15)) -> 165502.89 | R15: =Q15+R14 -> 1938181.7 | S15: =$B15*(1+S$3/12)^($B$1*12-$A15) -> 7921204.2 | T15: =S15+T14 -> 96801240 | U15: =S15/((1+'How much will I make'!$C$5/12)^(Calculations!$B$1*12-Calculations!$A15)) -> 1126861.7 | V15: =U15+V14 -> 13477109 | W15: =$B15*(1+W$3/12)^($B$1*12-$A15) -> 53513440 | X15: =W15+X14 -> 6.6803323e+08 | Y15: =W15/((1+'How much will I make'!$C$5/12)^(Calculations!$B$1*12-Calculations!$A15)) -> 7612762.3 | Z15: =Y15+Z14 -> 92990917 | AA15: =$B15*(1+AA$3/12)^($B$1*12-$A15) -> 3.5873084e+08 | AB15: =AA15+AB14 -> 4.5749172e+09 | AC15: =AA15/((1+'How much will I make'!$C$5/12)^(Calculations!$B$1*12-Calculations!$A15)) -> 51032649 | AD15: =AC15+AD14 -> 6.367262e+08 | AE15: =$B15*(1+AE$3/12)^($B$1*12-$A15) -> 2.3863599e+09 | AF15: =AE15+AF14 -> 3.1093026e+10 | AG15: =AE15/((1+'How much will I make'!$C$5/12)^(Calculations!$B$1*12-Calculations!$A15)) -> 3.394809e+08 | AH15: =AG15+AH14 -> 4.3267308e+09
A16: =A15+1 -> 12 | B16: =B15 -> 500 | C16: =$B16*(1+$C$3/12)^($B$1*12-$A16) -> 3500.1351 | D16: =C16+D15 -> 42977.653 | E16: =$C16/((1+'How much will I make'!$C$5/12)^(Calculations!$B$1*12-Calculations!$A16)) -> 500 | F16: =E16+F15 -> 6000 | G16: =$B16*(1+G$3/12)^($B$1*12-$A16) -> 24305.254 | H16: =G16+H15 -> 305409.32 | I16: =G16/((1+'How much will I make'!$C$5/12)^(Calculations!$B$1*12-Calculations!$A16)) -> 3472.0451 | J16: =I16+J15 -> 42628.667 | K16: =$B16*(1+K$3/12)^($B$1*12-$A16) -> 167434.49 | L16: =K16+L15 -> 2153268.1 | M16: =K16/((1+'How much will I make'!$C$5/12)^(Calculations!$B$1*12-Calculations!$A16)) -> 23918.29 | N16: =M16+N15 -> 300489.2 | O16: =$B16*(1+O$3/12)^($B$1*12-$A16) -> 1144320.3 | P16: =O16+P15 -> 15063221 | Q16: =O16/((1+'How much will I make'!$C$5/12)^(Calculations!$B$1*12-Calculations!$A16)) -> 163468.02 | R16: =Q16+R15 -> 2101649.7 | S16: =$B16*(1+S$3/12)^($B$1*12-$A16) -> 7759547 | T16: =S16+T15 -> 1.0456079e+08 | U16: =S16/((1+'How much will I make'!$C$5/12)^(Calculations!$B$1*12-Calculations!$A16)) -> 1108463.9 | V16: =U16+V15 -> 14585573 | W16: =$B16*(1+W$3/12)^($B$1*12-$A16) -> 52208235 | X16: =W16+X15 -> 7.2024147e+08 | Y16: =W16/((1+'How much will I make'!$C$5/12)^(Calculations!$B$1*12-Calculations!$A16)) -> 7458031.3 | Z16: =Y16+Z15 -> 1.0044895e+08 | AA16: =$B16*(1+AA$3/12)^($B$1*12-$A16) -> 3.4856438e+08 | AB16: =AA16+AB15 -> 4.9234816e+09 | AC16: =AA16/((1+'How much will I make'!$C$5/12)^(Calculations!$B$1*12-Calculations!$A16)) -> 49792990 | AD16: =AC16+AD15 -> 6.8651919e+08 | AE16: =$B16*(1+AE$3/12)^($B$1*12-$A16) -> 2.3093806e+09 | AF16: =AE16+AF15 -> 3.3402407e+10 | AG16: =AE16/((1+'How much will I make'!$C$5/12)^(Calculations!$B$1*12-Calculations!$A16)) -> 3.2989878e+08 | AH16: =AG16+AH15 -> 4.6566295e+09
A17: =A16+1 -> 13 | B17: =B16*(1+'How much will I make'!$C$4) -> 525 | C17: =$B17*(1+$C$3/12)^($B$1*12-$A17) -> 3659.8923 | D17: =C17+D16 -> 46637.545 | E17: =$C17/((1+'How much will I make'!$C$5/12)^(Calculations!$B$1*12-Calculations!$A17)) -> 525 | F17: =E17+F16 -> 6525 | G17: =$B17*(1+G$3/12)^($B$1*12-$A17) -> 25309.603 | H17: =G17+H16 -> 330718.93 | I17: =G17/((1+'How much will I make'!$C$5/12)^(Calculations!$B$1*12-Calculations!$A17)) -> 3630.5827 | J17: =I17+J16 -> 46259.25 | K17: =$B17*(1+K$3/12)^($B$1*12-$A17) -> 173635.77 | L17: =K17+L16 -> 2326903.8 | M17: =K17/((1+'How much will I make'!$C$5/12)^(Calculations!$B$1*12-Calculations!$A17)) -> 24907.503 | N17: =M17+N16 -> 325396.7 | O17: =$B17*(1+O$3/12)^($B$1*12-$A17) -> 1181839 | P17: =O17+P16 -> 16245060 | Q17: =O17/((1+'How much will I make'!$C$5/12)^(Calculations!$B$1*12-Calculations!$A17)) -> 169531.08 | R17: =Q17+R16 -> 2271180.8 | S17: =$B17*(1+S$3/12)^($B$1*12-$A17) -> 7981248.3 | T17: =S17+T16 -> 1.1254204e+08 | U17: =S17/((1+'How much will I make'!$C$5/12)^(Calculations!$B$1*12-Calculations!$A17)) -> 1144884.9 | V17: =U17+V16 -> 15730458 | W17: =$B17*(1+W$3/12)^($B$1*12-$A17) -> 53481606 | X17: =W17+X16 -> 7.7372307e+08 | Y17: =W17/((1+'How much will I make'!$C$5/12)^(Calculations!$B$1*12-Calculations!$A17)) -> 7671767.6 | Z17: =Y17+Z16 -> 1.0812072e+08 | AA17: =$B17*(1+AA$3/12)^($B$1*12-$A17) -> 3.5562034e+08 | AB17: =AA17+AB16 -> 5.279102e+09 | AC17: =AA17/((1+'How much will I make'!$C$5/12)^(Calculations!$B$1*12-Calculations!$A17)) -> 51012616 | AD17: =AC17+AD16 -> 7.375318e+08 | AE17: =$B17*(1+AE$3/12)^($B$1*12-$A17) -> 2.3466287e+09 | AF17: =AE17+AF16 -> 3.5749035e+10 | AG17: =AE17/((1+'How much will I make'!$C$5/12)^(Calculations!$B$1*12-Calculations!$A17)) -> 3.3661647e+08 | AH17: =AG17+AH16 -> 4.993246e+09
A18: =A17+1 -> 14 | B18: =B17 -> 525 | C18: =$B18*(1+$C$3/12)^($B$1*12-$A18) -> 3644.706 | D18: =C18+D17 -> 50282.251 | E18: =$C18/((1+'How much will I make'!$C$5/12)^(Calculations!$B$1*12-Calculations!$A18)) -> 525 | F18: =E18+F17 -> 7050 | G18: =$B18*(1+G$3/12)^($B$1*12-$A18) -> 25100.433 | H18: =G18+H17 -> 355819.36 | I18: =G18/((1+'How much will I make'!$C$5/12)^(Calculations!$B$1*12-Calculations!$A18)) -> 3615.5803 | J18: =I18+J17 -> 49874.83 | K18: =$B18*(1+K$3/12)^($B$1*12-$A18) -> 171492.12 | L18: =K18+L17 -> 2498396 | M18: =K18/((1+'How much will I make'!$C$5/12)^(Calculations!$B$1*12-Calculations!$A18)) -> 24702.503 | N18: =M18+N17 -> 350099.21 | O18: =$B18*(1+O$3/12)^($B$1*12-$A18) -> 1162464.6 | P18: =O18+P17 -> 17407524 | Q18: =O18/((1+'How much will I make'!$C$5/12)^(Calculations!$B$1*12-Calculations!$A18)) -> 167446.68 | R18: =Q18+R17 -> 2438627.5 | S18: =$B18*(1+S$3/12)^($B$1*12-$A18) -> 7818365.7 | T18: =S18+T17 -> 1.203604e+08 | U18: =S18/((1+'How much will I make'!$C$5/12)^(Calculations!$B$1*12-Calculations!$A18)) -> 1126192.9 | V18: =U18+V17 -> 16856651 | W18: =$B18*(1+W$3/12)^($B$1*12-$A18) -> 52177177 | X18: =W18+X17 -> 8.2590025e+08 | Y18: =W18/((1+'How much will I make'!$C$5/12)^(Calculations!$B$1*12-Calculations!$A18)) -> 7515837.4 | Z18: =Y18+Z17 -> 1.1563655e+08 | AA18: =$B18*(1+AA$3/12)^($B$1*12-$A18) -> 3.4554203e+08 | AB18: =AA18+AB17 -> 5.624644e+09 | AC18: =AA18/((1+'How much will I make'!$C$5/12)^(Calculations!$B$1*12-Calculations!$A18)) -> 49773443 | AD18: =AC18+AD17 -> 7.8730524e+08 | AE18: =$B18*(1+AE$3/12)^($B$1*12-$A18) -> 2.270931e+09 | AF18: =AE18+AF17 -> 3.8019966e+10 | AG18: =AE18/((1+'How much will I make'!$C$5/12)^(Calculations!$B$1*12-Calculations!$A18)) -> 3.271152e+08 | AH18: =AG18+AH17 -> 5.3203612e+09
A19: =A18+1 -> 15 | B19: =B18 -> 525 | C19: =$B19*(1+$C$3/12)^($B$1*12-$A19) -> 3629.5828 | D19: =C19+D18 -> 53911.834 | E19: =$C19/((1+'How much will I make'!$C$5/12)^(Calculations!$B$1*12-Calculations!$A19)) -> 525 | F19: =E19+F18 -> 7575 | G19: =$B19*(1+G$3/12)^($B$1*12-$A19) -> 24892.991 | H19: =G19+H18 -> 380712.35 | I19: =G19/((1+'How much will I make'!$C$5/12)^(Calculations!$B$1*12-Calculations!$A19)) -> 3600.6399 | J19: =I19+J18 -> 53475.47 | K19: =$B19*(1+K$3/12)^($B$1*12-$A19) -> 169374.93 | L19: =K19+L18 -> 2667770.9 | M19: =K19/((1+'How much will I make'!$C$5/12)^(Calculations!$B$1*12-Calculations!$A19)) -> 24499.19 | N19: =M19+N18 -> 374598.4 | O19: =$B19*(1+O$3/12)^($B$1*12-$A19) -> 1143407.8 | P19: =O19+P18 -> 18550932 | Q19: =O19/((1+'How much will I make'!$C$5/12)^(Calculations!$B$1*12-Calculations!$A19)) -> 165387.91 | R19: =Q19+R18 -> 2604015.4 | S19: =$B19*(1+S$3/12)^($B$1*12-$A19) -> 7658807.2 | T19: =S19+T18 -> 1.2801921e+08 | U19: =S19/((1+'How much will I make'!$C$5/12)^(Calculations!$B$1*12-Calculations!$A19)) -> 1107806.1 | V19: =U19+V18 -> 17964457 | W19: =$B19*(1+W$3/12)^($B$1*12-$A19) -> 50904563 | X19: =W19+X18 -> 8.7680481e+08 | Y19: =W19/((1+'How much will I make'!$C$5/12)^(Calculations!$B$1*12-Calculations!$A19)) -> 7363076.4 | Z19: =Y19+Z18 -> 1.2299963e+08 | AA19: =$B19*(1+AA$3/12)^($B$1*12-$A19) -> 3.3574934e+08 | AB19: =AA19+AB18 -> 5.9603933e+09 | AC19: =AA19/((1+'How much will I make'!$C$5/12)^(Calculations!$B$1*12-Calculations!$A19)) -> 48564371 | AD19: =AC19+AD18 -> 8.3586962e+08 | AE19: =$B19*(1+AE$3/12)^($B$1*12-$A19) -> 2.1976751e+09 | AF19: =AE19+AF18 -> 4.0217641e+10 | AG19: =AE19/((1+'How much will I make'!$C$5/12)^(Calculations!$B$1*12-Calculations!$A19)) -> 3.1788211e+08 | AH19: =AG19+AH18 -> 5.6382433e+09
A20: =A19+1 -> 16 | B20: =B19 -> 525 | C20: =$B20*(1+$C$3/12)^($B$1*12-$A20) -> 3614.5223 | D20: =C20+D19 -> 57526.357 | E20: =$C20/((1+'How much will I make'!$C$5/12)^(Calculations!$B$1*12-Calculations!$A20)) -> 525 | F20: =E20+F19 -> 8100 | G20: =$B20*(1+G$3/12)^($B$1*12-$A20) -> 24687.264 | H20: =G20+H19 -> 405399.61 | I20: =G20/((1+'How much will I make'!$C$5/12)^(Calculations!$B$1*12-Calculations!$A20)) -> 3585.7612 | J20: =I20+J19 -> 57061.231 | K20: =$B20*(1+K$3/12)^($B$1*12-$A20) -> 167283.88 | L20: =K20+L19 -> 2835054.8 | M20: =K20/((1+'How much will I make'!$C$5/12)^(Calculations!$B$1*12-Calculations!$A20)) -> 24297.551 | N20: =M20+N19 -> 398895.95 | O20: =$B20*(1+O$3/12)^($B$1*12-$A20) -> 1124663.4 | P20: =O20+P19 -> 19675595 | Q20: =O20/((1+'How much will I make'!$C$5/12)^(Calculations!$B$1*12-Calculations!$A20)) -> 163354.45 | R20: =Q20+R19 -> 2767369.8 | S20: =$B20*(1+S$3/12)^($B$1*12-$A20) -> 7502505 | T20: =S20+T19 -> 1.3552171e+08 | U20: =S20/((1+'How much will I make'!$C$5/12)^(Calculations!$B$1*12-Calculations!$A20)) -> 1089719.4 | V20: =U20+V19 -> 19054176 | W20: =$B20*(1+W$3/12)^($B$1*12-$A20) -> 49662988 | X20: =W20+X19 -> 9.264678e+08 | Y20: =W20/((1+'How much will I make'!$C$5/12)^(Calculations!$B$1*12-Calculations!$A20)) -> 7213420.4 | Z20: =Y20+Z19 -> 1.3021305e+08 | AA20: =$B20*(1+AA$3/12)^($B$1*12-$A20) -> 3.2623418e+08 | AB20: =AA20+AB19 -> 6.2866275e+09 | AC20: =AA20/((1+'How much will I make'!$C$5/12)^(Calculations!$B$1*12-Calculations!$A20)) -> 47384670 | AD20: =AC20+AD19 -> 8.8325429e+08 | AE20: =$B20*(1+AE$3/12)^($B$1*12-$A20) -> 2.1267824e+09 | AF20: =AE20+AF19 -> 4.2344424e+10 | AG20: =AE20/((1+'How much will I make'!$C$5/12)^(Calculations!$B$1*12-Calculations!$A20)) -> 3.0890963e+08 | AH20: =AG20+AH19 -> 5.947153e+09
A21: =A20+1 -> 17 | B21: =B20 -> 525 | C21: =$B21*(1+$C$3/12)^($B$1*12-$A21) -> 3599.5242 | D21: =C21+D20 -> 61125.881 | E21: =$C21/((1+'How much will I make'!$C$5/12)^(Calculations!$B$1*12-Calculations!$A21)) -> 525 | F21: =E21+F20 -> 8625 | G21: =$B21*(1+G$3/12)^($B$1*12-$A21) -> 24483.237 | H21: =G21+H20 -> 429882.85 | I21: =G21/((1+'How much will I make'!$C$5/12)^(Calculations!$B$1*12-Calculations!$A21)) -> 3570.944 | J21: =I21+J20 -> 60632.175 | K21: =$B21*(1+K$3/12)^($B$1*12-$A21) -> 165218.65 | L21: =K21+L20 -> 3000273.4 | M21: =K21/((1+'How much will I make'!$C$5/12)^(Calculations!$B$1*12-Calculations!$A21)) -> 24097.571 | N21: =M21+N20 -> 422993.52 | O21: =$B21*(1+O$3/12)^($B$1*12-$A21) -> 1106226.3 | P21: =O21+P20 -> 20781822 | Q21: =O21/((1+'How much will I make'!$C$5/12)^(Calculations!$B$1*12-Calculations!$A21)) -> 161345.99 | R21: =Q21+R20 -> 2928715.8 | S21: =$B21*(1+S$3/12)^($B$1*12-$A21) -> 7349392.7 | T21: =S21+T20 -> 1.4287111e+08 | U21: =S21/((1+'How much will I make'!$C$5/12)^(Calculations!$B$1*12-Calculations!$A21)) -> 1071928.1 | V21: =U21+V20 -> 20126104 | W21: =$B21*(1+W$3/12)^($B$1*12-$A21) -> 48451696 | X21: =W21+X20 -> 9.7491949e+08 | Y21: =W21/((1+'How much will I make'!$C$5/12)^(Calculations!$B$1*12-Calculations!$A21)) -> 7066806.2 | Z21: =Y21+Z20 -> 1.3727986e+08 | AA21: =$B21*(1+AA$3/12)^($B$1*12-$A21) -> 3.1698868e+08 | AB21: =AA21+AB20 -> 6.6036162e+09 | AC21: =AA21/((1+'How much will I make'!$C$5/12)^(Calculations!$B$1*12-Calculations!$A21)) -> 46233625 | AD21: =AC21+AD20 -> 9.2948791e+08 | AE21: =$B21*(1+AE$3/12)^($B$1*12-$A21) -> 2.0581765e+09 | AF21: =AE21+AF20 -> 4.44026e+10 | AG21: =AE21/((1+'How much will I make'!$C$5/12)^(Calculations!$B$1*12-Calculations!$A21)) -> 3.0019041e+08 | AH21: =AG21+AH20 -> 6.2473434e+09
A22: =A21+1 -> 18 | B22: =B21 -> 525 | C22: =$B22*(1+$C$3/12)^($B$1*12-$A22) -> 3584.5885 | D22: =C22+D21 -> 64710.469 | E22: =$C22/((1+'How much will I make'!$C$5/12)^(Calculations!$B$1*12-Calculations!$A22)) -> 525 | F22: =E22+F21 -> 9150 | G22: =$B22*(1+G$3/12)^($B$1*12-$A22) -> 24280.896 | H22: =G22+H21 -> 454163.75 | I22: =G22/((1+'How much will I make'!$C$5/12)^(Calculations!$B$1*12-Calculations!$A22)) -> 3556.188 | J22: =I22+J21 -> 64188.363 | K22: =$B22*(1+K$3/12)^($B$1*12-$A22) -> 163178.91 | L22: =K22+L21 -> 3163452.3 | M22: =K22/((1+'How much will I make'!$C$5/12)^(Calculations!$B$1*12-Calculations!$A22)) -> 23899.237 | N22: =M22+N21 -> 446892.76 | O22: =$B22*(1+O$3/12)^($B$1*12-$A22) -> 1088091.5 | P22: =O22+P21 -> 21869913 | Q22: =O22/((1+'How much will I make'!$C$5/12)^(Calculations!$B$1*12-Calculations!$A22)) -> 159362.23 | R22: =Q22+R21 -> 3088078 | S22: =$B22*(1+S$3/12)^($B$1*12-$A22) -> 7199405.1 | T22: =S22+T21 -> 1.5007051e+08 | U22: =S22/((1+'How much will I make'!$C$5/12)^(Calculations!$B$1*12-Calculations!$A22)) -> 1054427.2 | V22: =U22+V21 -> 21180532 | W22: =$B22*(1+W$3/12)^($B$1*12-$A22) -> 47269947 | X22: =W22+X21 -> 1.0221894e+09 | Y22: =W22/((1+'How much will I make'!$C$5/12)^(Calculations!$B$1*12-Calculations!$A22)) -> 6923171.9 | Z22: =Y22+Z21 -> 1.4420303e+08 | AA22: =$B22*(1+AA$3/12)^($B$1*12-$A22) -> 3.0800519e+08 | AB22: =AA22+AB21 -> 6.9116214e+09 | AC22: =AA22/((1+'How much will I make'!$C$5/12)^(Calculations!$B$1*12-Calculations!$A22)) -> 45110541 | AD22: =AC22+AD21 -> 9.7459845e+08 | AE22: =$B22*(1+AE$3/12)^($B$1*12-$A22) -> 1.9917837e+09 | AF22: =AE22+AF21 -> 4.6394384e+10 | AG22: =AE22/((1+'How much will I make'!$C$5/12)^(Calculations!$B$1*12-Calculations!$A22)) -> 2.9171729e+08 | AH22: =AG22+AH21 -> 6.5390607e+09
A23: =A22+1 -> 19 | B23: =B22 -> 525 | C23: =$B23*(1+$C$3/12)^($B$1*12-$A23) -> 3569.7146 | D23: =C23+D22 -> 68280.184 | E23: =$C23/((1+'How much will I make'!$C$5/12)^(Calculations!$B$1*12-Calculations!$A23)) -> 525 | F23: =E23+F22 -> 9675 | G23: =$B23*(1+G$3/12)^($B$1*12-$A23) -> 24080.228 | H23: =G23+H22 -> 478243.98 | I23: =G23/((1+'How much will I make'!$C$5/12)^(Calculations!$B$1*12-Calculations!$A23)) -> 3541.493 | J23: =I23+J22 -> 67729.856 | K23: =$B23*(1+K$3/12)^($B$1*12-$A23) -> 161164.36 | L23: =K23+L22 -> 3324616.7 | M23: =K23/((1+'How much will I make'!$C$5/12)^(Calculations!$B$1*12-Calculations!$A23)) -> 23702.535 | N23: =M23+N22 -> 470595.29 | O23: =$B23*(1+O$3/12)^($B$1*12-$A23) -> 1070253.9 | P23: =O23+P22 -> 22940167 | Q23: =O23/((1+'How much will I make'!$C$5/12)^(Calculations!$B$1*12-Calculations!$A23)) -> 157402.86 | R23: =Q23+R22 -> 3245480.9 | S23: =$B23*(1+S$3/12)^($B$1*12-$A23) -> 7052478.4 | T23: =S23+T22 -> 1.5712299e+08 | U23: =S23/((1+'How much will I make'!$C$5/12)^(Calculations!$B$1*12-Calculations!$A23)) -> 1037212.1 | V23: =U23+V22 -> 22217744 | W23: =$B23*(1+W$3/12)^($B$1*12-$A23) -> 46117021 | X23: =W23+X22 -> 1.0683065e+09 | Y23: =W23/((1+'How much will I make'!$C$5/12)^(Calculations!$B$1*12-Calculations!$A23)) -> 6782457 | Z23: =Y23+Z22 -> 1.5098548e+08 | AA23: =$B23*(1+AA$3/12)^($B$1*12-$A23) -> 2.992763e+08 | AB23: =AA23+AB22 -> 7.2108977e+09 | AC23: =AA23/((1+'How much will I make'!$C$5/12)^(Calculations!$B$1*12-Calculations!$A23)) -> 44014739 | AD23: =AC23+AD22 -> 1.0186132e+09 | AE23: =$B23*(1+AE$3/12)^($B$1*12-$A23) -> 1.9275326e+09 | AF23: =AE23+AF22 -> 4.8321917e+10 | AG23: =AE23/((1+'How much will I make'!$C$5/12)^(Calculations!$B$1*12-Calculations!$A23)) -> 2.8348334e+08 | AH23: =AG23+AH22 -> 6.822544e+09
A24: =A23+1 -> 20 | B24: =B23 -> 525 | C24: =$B24*(1+$C$3/12)^($B$1*12-$A24) -> 3554.9026 | D24: =C24+D23 -> 71835.086 | E24: =$C24/((1+'How much will I make'!$C$5/12)^(Calculations!$B$1*12-Calculations!$A24)) -> 525 | F24: =E24+F23 -> 10200 | G24: =$B24*(1+G$3/12)^($B$1*12-$A24) -> 23881.218 | H24: =G24+H23 -> 502125.19 | I24: =G24/((1+'How much will I make'!$C$5/12)^(Calculations!$B$1*12-Calculations!$A24)) -> 3526.8588 | J24: =I24+J23 -> 71256.715 | K24: =$B24*(1+K$3/12)^($B$1*12-$A24) -> 159174.67 | L24: =K24+L23 -> 3483791.4 | M24: =K24/((1+'How much will I make'!$C$5/12)^(Calculations!$B$1*12-Calculations!$A24)) -> 23507.453 | N24: =M24+N23 -> 494102.74 | O24: =$B24*(1+O$3/12)^($B$1*12-$A24) -> 1052708.7 | P24: =O24+P23 -> 23992876 | Q24: =O24/((1+'How much will I make'!$C$5/12)^(Calculations!$B$1*12-Calculations!$A24)) -> 155467.58 | R24: =Q24+R23 -> 3400948.5 | S24: =$B24*(1+S$3/12)^($B$1*12-$A24) -> 6908550.3 | T24: =S24+T23 -> 1.6403154e+08 | U24: =S24/((1+'How much will I make'!$C$5/12)^(Calculations!$B$1*12-Calculations!$A24)) -> 1020278 | V24: =U24+V23 -> 23238022 | W24: =$B24*(1+W$3/12)^($B$1*12-$A24) -> 44992216 | X24: =W24+X23 -> 1.1132987e+09 | Y24: =W24/((1+'How much will I make'!$C$5/12)^(Calculations!$B$1*12-Calculations!$A24)) -> 6644602.2 | Z24: =Y24+Z23 -> 1.5763009e+08 | AA24: =$B24*(1+AA$3/12)^($B$1*12-$A24) -> 2.9079479e+08 | AB24: =AA24+AB23 -> 7.5016925e+09 | AC24: =AA24/((1+'How much will I make'!$C$5/12)^(Calculations!$B$1*12-Calculations!$A24)) -> 42945555 | AD24: =AC24+AD23 -> 1.0615587e+09 | AE24: =$B24*(1+AE$3/12)^($B$1*12-$A24) -> 1.8653541e+09 | AF24: =AE24+AF23 -> 5.0187271e+10 | AG24: =AE24/((1+'How much will I make'!$C$5/12)^(Calculations!$B$1*12-Calculations!$A24)) -> 2.7548179e+08 | AH24: =AG24+AH23 -> 7.0980258e+09
A25: =A24+1 -> 21 | B25: =B24 -> 525 | C25: =$B25*(1+$C$3/12)^($B$1*12-$A25) -> 3540.1519 | D25: =C25+D24 -> 75375.238 | E25: =$C25/((1+'How much will I make'!$C$5/12)^(Calculations!$B$1*12-Calculations!$A25)) -> 525 | F25: =E25+F24 -> 10725 | G25: =$B25*(1+G$3/12)^($B$1*12-$A25) -> 23683.852 | H25: =G25+H24 -> 525809.05 | I25: =G25/((1+'How much will I make'!$C$5/12)^(Calculations!$B$1*12-Calculations!$A25)) -> 3512.285 | J25: =I25+J24 -> 74769 | K25: =$B25*(1+K$3/12)^($B$1*12-$A25) -> 157209.56 | L25: =K25+L24 -> 3641000.9 | M25: =K25/((1+'How much will I make'!$C$5/12)^(Calculations!$B$1*12-Calculations!$A25)) -> 23313.976 | N25: =M25+N24 -> 517416.72 | O25: =$B25*(1+O$3/12)^($B$1*12-$A25) -> 1035451.2 | P25: =O25+P24 -> 25028327 | Q25: =O25/((1+'How much will I make'!$C$5/12)^(Calculations!$B$1*12-Calculations!$A25)) -> 153556.09 | R25: =Q25+R24 -> 3554504.6 | S25: =$B25*(1+S$3/12)^($B$1*12-$A25) -> 6767559.5 | T25: =S25+T24 -> 1.707991e+08 | U25: =S25/((1+'How much will I make'!$C$5/12)^(Calculations!$B$1*12-Calculations!$A25)) -> 1003620.4 | V25: =U25+V24 -> 24241642 | W25: =$B25*(1+W$3/12)^($B$1*12-$A25) -> 43894845 | X25: =W25+X24 -> 1.1571935e+09 | Y25: =W25/((1+'How much will I make'!$C$5/12)^(Calculations!$B$1*12-Calculations!$A25)) -> 6509549.3 | Z25: =Y25+Z24 -> 1.6413964e+08 | AA25: =$B25*(1+AA$3/12)^($B$1*12-$A25) -> 2.8255364e+08 | AB25: =AA25+AB24 -> 7.7842461e+09 | AC25: =AA25/((1+'How much will I make'!$C$5/12)^(Calculations!$B$1*12-Calculations!$A25)) -> 41902343 | AD25: =AC25+AD24 -> 1.1034611e+09 | AE25: =$B25*(1+AE$3/12)^($B$1*12-$A25) -> 1.8051814e+09 | AF25: =AE25+AF24 -> 5.1992452e+10 | AG25: =AE25/((1+'How much will I make'!$C$5/12)^(Calculations!$B$1*12-Calculations!$A25)) -> 2.677061e+08 | AH25: =AG25+AH24 -> 7.3657319e+09
A26: =A25+1 -> 22 | B26: =B25 -> 525 | C26: =$B26*(1+$C$3/12)^($B$1*12-$A26) -> 3525.4625 | D26: =C26+D25 -> 78900.701 | E26: =$C26/((1+'How much will I make'!$C$5/12)^(Calculations!$B$1*12-Calculations!$A26)) -> 525 | F26: =E26+F25 -> 11250 | G26: =$B26*(1+G$3/12)^($B$1*12-$A26) -> 23488.118 | H26: =G26+H25 -> 549297.16 | I26: =G26/((1+'How much will I make'!$C$5/12)^(Calculations!$B$1*12-Calculations!$A26)) -> 3497.7714 | J26: =I26+J25 -> 78266.771 | K26: =$B26*(1+K$3/12)^($B$1*12-$A26) -> 155268.7 | L26: =K26+L25 -> 3796269.6 | M26: =K26/((1+'How much will I make'!$C$5/12)^(Calculations!$B$1*12-Calculations!$A26)) -> 23122.091 | N26: =M26+N25 -> 540538.81 | O26: =$B26*(1+O$3/12)^($B$1*12-$A26) -> 1018476.6 | P26: =O26+P25 -> 26046804 | Q26: =O26/((1+'How much will I make'!$C$5/12)^(Calculations!$B$1*12-Calculations!$A26)) -> 151668.11 | R26: =Q26+R25 -> 3706172.7 | S26: =$B26*(1+S$3/12)^($B$1*12-$A26) -> 6629446 | T26: =S26+T25 -> 1.7742855e+08 | U26: =S26/((1+'How much will I make'!$C$5/12)^(Calculations!$B$1*12-Calculations!$A26)) -> 987234.77 | V26: =U26+V25 -> 25228877 | W26: =$B26*(1+W$3/12)^($B$1*12-$A26) -> 42824239 | X26: =W26+X25 -> 1.2000178e+09 | Y26: =W26/((1+'How much will I make'!$C$5/12)^(Calculations!$B$1*12-Calculations!$A26)) -> 6377241.4 | Z26: =Y26+Z25 -> 1.7051688e+08 | AA26: =$B26*(1+AA$3/12)^($B$1*12-$A26) -> 2.7454605e+08 | AB26: =AA26+AB25 -> 8.0587922e+09 | AC26: =AA26/((1+'How much will I make'!$C$5/12)^(Calculations!$B$1*12-Calculations!$A26)) -> 40884472 | AD26: =AC26+AD25 -> 1.1443456e+09 | AE26: =$B26*(1+AE$3/12)^($B$1*12-$A26) -> 1.7469498e+09 | AF26: =AE26+AF25 -> 5.3739402e+10 | AG26: =AE26/((1+'How much will I make'!$C$5/12)^(Calculations!$B$1*12-Calculations!$A26)) -> 2.6014988e+08 | AH26: =AG26+AH25 -> 7.6258818e+09
A27: =A26+1 -> 23 | B27: =B26 -> 525 | C27: =$B27*(1+$C$3/12)^($B$1*12-$A27) -> 3510.834 | D27: =C27+D26 -> 82411.535 | E27: =$C27/((1+'How much will I make'!$C$5/12)^(Calculations!$B$1*12-Calculations!$A27)) -> 525 | F27: =E27+F26 -> 11775 | G27: =$B27*(1+G$3/12)^($B$1*12-$A27) -> 23294.001 | H27: =G27+H26 -> 572591.17 | I27: =G27/((1+'How much will I make'!$C$5/12)^(Calculations!$B$1*12-Calculations!$A27)) -> 3483.3178 | J27: =I27+J26 -> 81750.089 | K27: =$B27*(1+K$3/12)^($B$1*12-$A27) -> 153351.8 | L27: =K27+L26 -> 3949621.4 | M27: =K27/((1+'How much will I make'!$C$5/12)^(Calculations!$B$1*12-Calculations!$A27)) -> 22931.786 | N27: =M27+N26 -> 563470.6 | O27: =$B27*(1+O$3/12)^($B$1*12-$A27) -> 1001780.3 | P27: =O27+P26 -> 27048584 | Q27: =O27/((1+'How much will I make'!$C$5/12)^(Calculations!$B$1*12-Calculations!$A27)) -> 149803.34 | R27: =Q27+R26 -> 3855976 | S27: =$B27*(1+S$3/12)^($B$1*12-$A27) -> 6494151.2 | T27: =S27+T26 -> 1.839227e+08 | U27: =S27/((1+'How much will I make'!$C$5/12)^(Calculations!$B$1*12-Calculations!$A27)) -> 971116.65 | V27: =U27+V26 -> 26199994 | W27: =$B27*(1+W$3/12)^($B$1*12-$A27) -> 41779745 | X27: =W27+X26 -> 1.2417975e+09 | Y27: =W27/((1+'How much will I make'!$C$5/12)^(Calculations!$B$1*12-Calculations!$A27)) -> 6247622.7 | Z27: =Y27+Z26 -> 1.767645e+08 | AA27: =$B27*(1+AA$3/12)^($B$1*12-$A27) -> 2.6676539e+08 | AB27: =AA27+AB26 -> 8.3255576e+09 | AC27: =AA27/((1+'How much will I make'!$C$5/12)^(Calculations!$B$1*12-Calculations!$A27)) -> 39891327 | AD27: =AC27+AD26 -> 1.1842369e+09 | AE27: =$B27*(1+AE$3/12)^($B$1*12-$A27) -> 1.6905966e+09 | AF27: =AE27+AF26 -> 5.5429998e+10 | AG27: =AE27/((1+'How much will I make'!$C$5/12)^(Calculations!$B$1*12-Calculations!$A27)) -> 2.5280694e+08 | AH27: =AG27+AH26 -> 7.8786887e+09
A28: =A27+1 -> 24 | B28: =B27 -> 525 | C28: =$B28*(1+$C$3/12)^($B$1*12-$A28) -> 3496.2662 | D28: =C28+D27 -> 85907.801 | E28: =$C28/((1+'How much will I make'!$C$5/12)^(Calculations!$B$1*12-Calculations!$A28)) -> 525 | F28: =E28+F27 -> 12300 | G28: =$B28*(1+G$3/12)^($B$1*12-$A28) -> 23101.489 | H28: =G28+H27 -> 595692.65 | I28: =G28/((1+'How much will I make'!$C$5/12)^(Calculations!$B$1*12-Calculations!$A28)) -> 3468.9239 | J28: =I28+J27 -> 85219.013 | K28: =$B28*(1+K$3/12)^($B$1*12-$A28) -> 151458.57 | L28: =K28+L27 -> 4101080 | M28: =K28/((1+'How much will I make'!$C$5/12)^(Calculations!$B$1*12-Calculations!$A28)) -> 22743.047 | N28: =M28+N27 -> 586213.64 | O28: =$B28*(1+O$3/12)^($B$1*12-$A28) -> 985357.65 | P28: =O28+P27 -> 28033942 | Q28: =O28/((1+'How much will I make'!$C$5/12)^(Calculations!$B$1*12-Calculations!$A28)) -> 147961.49 | R28: =Q28+R27 -> 4003937.5 | S28: =$B28*(1+S$3/12)^($B$1*12-$A28) -> 6361617.5 | T28: =S28+T27 -> 1.9028431e+08 | U28: =S28/((1+'How much will I make'!$C$5/12)^(Calculations!$B$1*12-Calculations!$A28)) -> 955261.69 | V28: =U28+V27 -> 27155255 | W28: =$B28*(1+W$3/12)^($B$1*12-$A28) -> 40760727 | X28: =W28+X27 -> 1.2825582e+09 | Y28: =W28/((1+'How much will I make'!$C$5/12)^(Calculations!$B$1*12-Calculations!$A28)) -> 6120638.5 | Z28: =Y28+Z27 -> 1.8288514e+08 | AA28: =$B28*(1+AA$3/12)^($B$1*12-$A28) -> 2.5920524e+08 | AB28: =AA28+AB27 -> 8.5847628e+09 | AC28: =AA28/((1+'How much will I make'!$C$5/12)^(Calculations!$B$1*12-Calculations!$A28)) -> 38922307 | AD28: =AC28+AD27 -> 1.2231592e+09 | AE28: =$B28*(1+AE$3/12)^($B$1*12-$A28) -> 1.6360612e+09 | AF28: =AE28+AF27 -> 5.706606e+10 | AG28: =AE28/((1+'How much will I make'!$C$5/12)^(Calculations!$B$1*12-Calculations!$A28)) -> 2.4567126e+08 | AH28: =AG28+AH27 -> 8.1243599e+09
A29: =A28+1 -> 25 | B29: =B28*(1+'How much will I make'!$C$4) -> 551.25 | C29: =$B29*(1+$C$3/12)^($B$1*12-$A29) -> 3655.8469 | D29: =C29+D28 -> 89563.648 | E29: =$C29/((1+'How much will I make'!$C$5/12)^(Calculations!$B$1*12-Calculations!$A29)) -> 551.25 | F29: =E29+F28 -> 12851.25 | G29: =$B29*(1+G$3/12)^($B$1*12-$A29) -> 24056.096 | H29: =G29+H28 -> 619748.75 | I29: =G29/((1+'How much will I make'!$C$5/12)^(Calculations!$B$1*12-Calculations!$A29)) -> 3627.319 | J29: =I29+J28 -> 88846.332 | K29: =$B29*(1+K$3/12)^($B$1*12-$A29) -> 157068.14 | L29: =K29+L28 -> 4258148.1 | M29: =K29/((1+'How much will I make'!$C$5/12)^(Calculations!$B$1*12-Calculations!$A29)) -> 23683.655 | N29: =M29+N28 -> 609897.3 | O29: =$B29*(1+O$3/12)^($B$1*12-$A29) -> 1017664.5 | P29: =O29+P28 -> 29051606 | Q29: =O29/((1+'How much will I make'!$C$5/12)^(Calculations!$B$1*12-Calculations!$A29)) -> 153449.41 | R29: =Q29+R28 -> 4157386.9 | S29: =$B29*(1+S$3/12)^($B$1*12-$A29) -> 6543378 | T29: =S29+T28 -> 1.9682769e+08 | U29: =S29/((1+'How much will I make'!$C$5/12)^(Calculations!$B$1*12-Calculations!$A29)) -> 986648.86 | V29: =U29+V28 -> 28141904 | W29: =$B29*(1+W$3/12)^($B$1*12-$A29) -> 41754891 | X29: =W29+X28 -> 1.3243131e+09 | Y29: =W29/((1+'How much will I make'!$C$5/12)^(Calculations!$B$1*12-Calculations!$A29)) -> 6296047 | Z29: =Y29+Z28 -> 1.8918119e+08 | AA29: =$B29*(1+AA$3/12)^($B$1*12-$A29) -> 2.6445231e+08 | AB29: =AA29+AB28 -> 8.8492151e+09 | AC29: =AA29/((1+'How much will I make'!$C$5/12)^(Calculations!$B$1*12-Calculations!$A29)) -> 39875667 | AD29: =AC29+AD28 -> 1.2630349e+09 | AE29: =$B29*(1+AE$3/12)^($B$1*12-$A29) -> 1.6624493e+09 | AF29: =AE29+AF28 -> 5.8728509e+10 | AG29: =AE29/((1+'How much will I make'!$C$5/12)^(Calculations!$B$1*12-Calculations!$A29)) -> 2.5067384e+08 | AH29: =AG29+AH28 -> 8.3750338e+09
A30: =A29+1 -> 26 | B30: =B29 -> 551.25 | C30: =$B30*(1+$C$3/12)^($B$1*12-$A30) -> 3640.6774 | D30: =C30+D29 -> 93204.325 | E30: =$C30/((1+'How much will I make'!$C$5/12)^(Calculations!$B$1*12-Calculations!$A30)) -> 551.25 | F30: =E30+F29 -> 13402.5 | G30: =$B30*(1+G$3/12)^($B$1*12-$A30) -> 23857.285 | H30: =G30+H29 -> 643606.03 | I30: =G30/((1+'How much will I make'!$C$5/12)^(Calculations!$B$1*12-Calculations!$A30)) -> 3612.3301 | J30: =I30+J29 -> 92458.662 | K30: =$B30*(1+K$3/12)^($B$1*12-$A30) -> 155129.03 | L30: =K30+L29 -> 4413277.2 | M30: =K30/((1+'How much will I make'!$C$5/12)^(Calculations!$B$1*12-Calculations!$A30)) -> 23488.727 | N30: =M30+N29 -> 633386.03 | O30: =$B30*(1+O$3/12)^($B$1*12-$A30) -> 1000981.4 | P30: =O30+P29 -> 30052588 | Q30: =O30/((1+'How much will I make'!$C$5/12)^(Calculations!$B$1*12-Calculations!$A30)) -> 151562.73 | R30: =Q30+R29 -> 4308949.6 | S30: =$B30*(1+S$3/12)^($B$1*12-$A30) -> 6409839.7 | T30: =S30+T29 -> 2.0323753e+08 | U30: =S30/((1+'How much will I make'!$C$5/12)^(Calculations!$B$1*12-Calculations!$A30)) -> 970540.3 | V30: =U30+V29 -> 29112444 | W30: =$B30*(1+W$3/12)^($B$1*12-$A30) -> 40736479 | X30: =W30+X29 -> 1.3650496e+09 | Y30: =W30/((1+'How much will I make'!$C$5/12)^(Calculations!$B$1*12-Calculations!$A30)) -> 6168078.6 | Z30: =Y30+Z29 -> 1.9534926e+08 | AA30: =$B30*(1+AA$3/12)^($B$1*12-$A30) -> 2.5695771e+08 | AB30: =AA30+AB29 -> 9.1061728e+09 | AC30: =AA30/((1+'How much will I make'!$C$5/12)^(Calculations!$B$1*12-Calculations!$A30)) -> 38907028 | AD30: =AC30+AD29 -> 1.3019419e+09 | AE30: =$B30*(1+AE$3/12)^($B$1*12-$A30) -> 1.6088219e+09 | AF30: =AE30+AF29 -> 6.0337331e+10 | AG30: =AE30/((1+'How much will I make'!$C$5/12)^(Calculations!$B$1*12-Calculations!$A30)) -> 2.4359836e+08 | AH30: =AG30+AH29 -> 8.6186321e+09
A31: =A30+1 -> 27 | B31: =B30 -> 551.25 | C31: =$B31*(1+$C$3/12)^($B$1*12-$A31) -> 3625.5708 | D31: =C31+D30 -> 96829.896 | E31: =$C31/((1+'How much will I make'!$C$5/12)^(Calculations!$B$1*12-Calculations!$A31)) -> 551.25 | F31: =E31+F30 -> 13953.75 | G31: =$B31*(1+G$3/12)^($B$1*12-$A31) -> 23660.117 | H31: =G31+H30 -> 667266.15 | I31: =G31/((1+'How much will I make'!$C$5/12)^(Calculations!$B$1*12-Calculations!$A31)) -> 3597.4031 | J31: =I31+J30 -> 96056.065 | K31: =$B31*(1+K$3/12)^($B$1*12-$A31) -> 153213.86 | L31: =K31+L30 -> 4566491 | M31: =K31/((1+'How much will I make'!$C$5/12)^(Calculations!$B$1*12-Calculations!$A31)) -> 23295.405 | N31: =M31+N30 -> 656681.43 | O31: =$B31*(1+O$3/12)^($B$1*12-$A31) -> 984571.9 | P31: =O31+P30 -> 31037159 | Q31: =O31/((1+'How much will I make'!$C$5/12)^(Calculations!$B$1*12-Calculations!$A31)) -> 149699.26 | R31: =Q31+R30 -> 4458648.9 | S31: =$B31*(1+S$3/12)^($B$1*12-$A31) -> 6279026.6 | T31: =S31+T30 -> 2.0951656e+08 | U31: =S31/((1+'How much will I make'!$C$5/12)^(Calculations!$B$1*12-Calculations!$A31)) -> 954694.75 | V31: =U31+V30 -> 30067139 | W31: =$B31*(1+W$3/12)^($B$1*12-$A31) -> 39742906 | X31: =W31+X30 -> 1.4047925e+09 | Y31: =W31/((1+'How much will I make'!$C$5/12)^(Calculations!$B$1*12-Calculations!$A31)) -> 6042711.1 | Z31: =Y31+Z30 -> 2.0139198e+08 | AA31: =$B31*(1+AA$3/12)^($B$1*12-$A31) -> 2.496755e+08 | AB31: =AA31+AB30 -> 9.3558483e+09 | AC31: =AA31/((1+'How much will I make'!$C$5/12)^(Calculations!$B$1*12-Calculations!$A31)) -> 37961918 | AD31: =AC31+AD30 -> 1.3399038e+09 | AE31: =$B31*(1+AE$3/12)^($B$1*12-$A31) -> 1.5569244e+09 | AF31: =AE31+AF30 -> 6.1894255e+10 | AG31: =AE31/((1+'How much will I make'!$C$5/12)^(Calculations!$B$1*12-Calculations!$A31)) -> 2.367226e+08 | AH31: =AG31+AH30 -> 8.8553548e+09
A32: =A31+1 -> 28 | B32: =B31 -> 551.25 | C32: =$B32*(1+$C$3/12)^($B$1*12-$A32) -> 3610.527 | D32: =C32+D31 -> 100440.42 | E32: =$C32/((1+'How much will I make'!$C$5/12)^(Calculations!$B$1*12-Calculations!$A32)) -> 551.25 | F32: =E32+F31 -> 14505 | G32: =$B32*(1+G$3/12)^($B$1*12-$A32) -> 23464.579 | H32: =G32+H31 -> 690730.73 | I32: =G32/((1+'How much will I make'!$C$5/12)^(Calculations!$B$1*12-Calculations!$A32)) -> 3582.5378 | J32: =I32+J31 -> 99638.603 | K32: =$B32*(1+K$3/12)^($B$1*12-$A32) -> 151322.33 | L32: =K32+L31 -> 4717813.3 | M32: =K32/((1+'How much will I make'!$C$5/12)^(Calculations!$B$1*12-Calculations!$A32)) -> 23103.673 | N32: =M32+N31 -> 679785.1 | O32: =$B32*(1+O$3/12)^($B$1*12-$A32) -> 968431.38 | P32: =O32+P31 -> 32005591 | Q32: =O32/((1+'How much will I make'!$C$5/12)^(Calculations!$B$1*12-Calculations!$A32)) -> 147858.69 | R32: =Q32+R31 -> 4606507.6 | S32: =$B32*(1+S$3/12)^($B$1*12-$A32) -> 6150883.2 | T32: =S32+T31 -> 2.1566744e+08 | U32: =S32/((1+'How much will I make'!$C$5/12)^(Calculations!$B$1*12-Calculations!$A32)) -> 939107.89 | V32: =U32+V31 -> 31006247 | W32: =$B32*(1+W$3/12)^($B$1*12-$A32) -> 38773567 | X32: =W32+X31 -> 1.4435661e+09 | Y32: =W32/((1+'How much will I make'!$C$5/12)^(Calculations!$B$1*12-Calculations!$A32)) -> 5919891.8 | Z32: =Y32+Z31 -> 2.0731187e+08 | AA32: =$B32*(1+AA$3/12)^($B$1*12-$A32) -> 2.4259968e+08 | AB32: =AA32+AB31 -> 9.598448e+09 | AC32: =AA32/((1+'How much will I make'!$C$5/12)^(Calculations!$B$1*12-Calculations!$A32)) -> 37039766 | AD32: =AC32+AD31 -> 1.3769436e+09 | AE32: =$B32*(1+AE$3/12)^($B$1*12-$A32) -> 1.506701e+09 | AF32: =AE32+AF31 -> 6.3400956e+10 | AG32: =AE32/((1+'How much will I make'!$C$5/12)^(Calculations!$B$1*12-Calculations!$A32)) -> 2.3004092e+08 | AH32: =AG32+AH31 -> 9.0853957e+09
A33: =A32+1 -> 29 | B33: =B32 -> 551.25 | C33: =$B33*(1+$C$3/12)^($B$1*12-$A33) -> 3595.5455 | D33: =C33+D32 -> 104035.97 | E33: =$C33/((1+'How much will I make'!$C$5/12)^(Calculations!$B$1*12-Calculations!$A33)) -> 551.25 | F33: =E33+F32 -> 15056.25 | G33: =$B33*(1+G$3/12)^($B$1*12-$A33) -> 23270.657 | H33: =G33+H32 -> 714001.39 | I33: =G33/((1+'How much will I make'!$C$5/12)^(Calculations!$B$1*12-Calculations!$A33)) -> 3567.7339 | J33: =I33+J32 -> 103206.34 | K33: =$B33*(1+K$3/12)^($B$1*12-$A33) -> 149454.15 | L33: =K33+L32 -> 4867267.5 | M33: =K33/((1+'How much will I make'!$C$5/12)^(Calculations!$B$1*12-Calculations!$A33)) -> 22913.519 | N33: =M33+N32 -> 702698.62 | O33: =$B33*(1+O$3/12)^($B$1*12-$A33) -> 952555.46 | P33: =O33+P32 -> 32958146 | Q33: =O33/((1+'How much will I make'!$C$5/12)^(Calculations!$B$1*12-Calculations!$A33)) -> 146040.76 | R33: =Q33+R32 -> 4752548.4 | S33: =$B33*(1+S$3/12)^($B$1*12-$A33) -> 6025355 | T33: =S33+T32 -> 2.216928e+08 | U33: =S33/((1+'How much will I make'!$C$5/12)^(Calculations!$B$1*12-Calculations!$A33)) -> 923775.52 | V33: =U33+V32 -> 31930023 | W33: =$B33*(1+W$3/12)^($B$1*12-$A33) -> 37827871 | X33: =W33+X32 -> 1.4813939e+09 | Y33: =W33/((1+'How much will I make'!$C$5/12)^(Calculations!$B$1*12-Calculations!$A33)) -> 5799568.8 | Z33: =Y33+Z32 -> 2.1311144e+08 | AA33: =$B33*(1+AA$3/12)^($B$1*12-$A33) -> 2.3572438e+08 | AB33: =AA33+AB32 -> 9.8341724e+09 | AC33: =AA33/((1+'How much will I make'!$C$5/12)^(Calculations!$B$1*12-Calculations!$A33)) -> 36140014 | AD33: =AC33+AD32 -> 1.4130836e+09 | AE33: =$B33*(1+AE$3/12)^($B$1*12-$A33) -> 1.4580978e+09 | AF33: =AE33+AF32 -> 6.4859054e+10 | AG33: =AE33/((1+'How much will I make'!$C$5/12)^(Calculations!$B$1*12-Calculations!$A33)) -> 2.2354783e+08 | AH33: =AG33+AH32 -> 9.3089435e+09
A34: =A33+1 -> 30 | B34: =B33 -> 551.25 | C34: =$B34*(1+$C$3/12)^($B$1*12-$A34) -> 3580.6262 | D34: =C34+D33 -> 107616.59 | E34: =$C34/((1+'How much will I make'!$C$5/12)^(Calculations!$B$1*12-Calculations!$A34)) -> 551.25 | F34: =E34+F33 -> 15607.5 | G34: =$B34*(1+G$3/12)^($B$1*12-$A34) -> 23078.338 | H34: =G34+H33 -> 737079.73 | I34: =G34/((1+'How much will I make'!$C$5/12)^(Calculations!$B$1*12-Calculations!$A34)) -> 3552.9912 | J34: =I34+J33 -> 106759.33 | K34: =$B34*(1+K$3/12)^($B$1*12-$A34) -> 147609.04 | L34: =K34+L33 -> 5014876.5 | M34: =K34/((1+'How much will I make'!$C$5/12)^(Calculations!$B$1*12-Calculations!$A34)) -> 22724.93 | N34: =M34+N33 -> 725423.55 | O34: =$B34*(1+O$3/12)^($B$1*12-$A34) -> 936939.79 | P34: =O34+P33 -> 33895086 | Q34: =O34/((1+'How much will I make'!$C$5/12)^(Calculations!$B$1*12-Calculations!$A34)) -> 144245.18 | R34: =Q34+R33 -> 4896793.5 | S34: =$B34*(1+S$3/12)^($B$1*12-$A34) -> 5902388.6 | T34: =S34+T33 -> 2.2759518e+08 | U34: =S34/((1+'How much will I make'!$C$5/12)^(Calculations!$B$1*12-Calculations!$A34)) -> 908693.47 | V34: =U34+V33 -> 32838716 | W34: =$B34*(1+W$3/12)^($B$1*12-$A34) -> 36905240 | X34: =W34+X33 -> 1.5182992e+09 | Y34: =W34/((1+'How much will I make'!$C$5/12)^(Calculations!$B$1*12-Calculations!$A34)) -> 5681691.4 | Z34: =Y34+Z33 -> 2.1879313e+08 | AA34: =$B34*(1+AA$3/12)^($B$1*12-$A34) -> 2.2904394e+08 | AB34: =AA34+AB33 -> 1.0063216e+10 | AC34: =AA34/((1+'How much will I make'!$C$5/12)^(Calculations!$B$1*12-Calculations!$A34)) -> 35262119 | AD34: =AC34+AD33 -> 1.4483457e+09 | AE34: =$B34*(1+AE$3/12)^($B$1*12-$A34) -> 1.4110623e+09 | AF34: =AE34+AF33 -> 6.6270116e+10 | AG34: =AE34/((1+'How much will I make'!$C$5/12)^(Calculations!$B$1*12-Calculations!$A34)) -> 2.1723801e+08 | AH34: =AG34+AH33 -> 9.5261815e+09
A35: =A34+1 -> 31 | B35: =B34 -> 551.25 | C35: =$B35*(1+$C$3/12)^($B$1*12-$A35) -> 3565.7689 | D35: =C35+D34 -> 111182.36 | E35: =$C35/((1+'How much will I make'!$C$5/12)^(Calculations!$B$1*12-Calculations!$A35)) -> 551.25 | F35: =E35+F34 -> 16158.75 | G35: =$B35*(1+G$3/12)^($B$1*12-$A35) -> 22887.608 | H35: =G35+H34 -> 759967.33 | I35: =G35/((1+'How much will I make'!$C$5/12)^(Calculations!$B$1*12-Calculations!$A35)) -> 3538.3094 | J35: =I35+J34 -> 110297.64 | K35: =$B35*(1+K$3/12)^($B$1*12-$A35) -> 145786.7 | L35: =K35+L34 -> 5160663.2 | M35: =K35/((1+'How much will I make'!$C$5/12)^(Calculations!$B$1*12-Calculations!$A35)) -> 22537.894 | N35: =M35+N34 -> 747961.45 | O35: =$B35*(1+O$3/12)^($B$1*12-$A35) -> 921580.12 | P35: =O35+P34 -> 34816666 | Q35: =O35/((1+'How much will I make'!$C$5/12)^(Calculations!$B$1*12-Calculations!$A35)) -> 142471.67 | R35: =Q35+R34 -> 5039265.2 | S35: =$B35*(1+S$3/12)^($B$1*12-$A35) -> 5781931.7 | T35: =S35+T34 -> 2.3337712e+08 | U35: =S35/((1+'How much will I make'!$C$5/12)^(Calculations!$B$1*12-Calculations!$A35)) -> 893857.66 | V35: =U35+V34 -> 33732574 | W35: =$B35*(1+W$3/12)^($B$1*12-$A35) -> 36005112 | X35: =W35+X34 -> 1.5543043e+09 | Y35: =W35/((1+'How much will I make'!$C$5/12)^(Calculations!$B$1*12-Calculations!$A35)) -> 5566209.9 | Z35: =Y35+Z34 -> 2.2435934e+08 | AA35: =$B35*(1+AA$3/12)^($B$1*12-$A35) -> 2.2255281e+08 | AB35: =AA35+AB34 -> 1.0285769e+10 | AC35: =AA35/((1+'How much will I make'!$C$5/12)^(Calculations!$B$1*12-Calculations!$A35)) -> 34405550 | AD35: =AC35+AD34 -> 1.4827513e+09 | AE35: =$B35*(1+AE$3/12)^($B$1*12-$A35) -> 1.3655442e+09 | AF35: =AE35+AF34 -> 6.763566e+10 | AG35: =AE35/((1+'How much will I make'!$C$5/12)^(Calculations!$B$1*12-Calculations!$A35)) -> 2.1110629e+08 | AH35: =AG35+AH34 -> 9.7372878e+09
A36: =A35+1 -> 32 | B36: =B35 -> 551.25 | C36: =$B36*(1+$C$3/12)^($B$1*12-$A36) -> 3550.9732 | D36: =C36+D35 -> 114733.34 | E36: =$C36/((1+'How much will I make'!$C$5/12)^(Calculations!$B$1*12-Calculations!$A36)) -> 551.25 | F36: =E36+F35 -> 16710 | G36: =$B36*(1+G$3/12)^($B$1*12-$A36) -> 22698.454 | H36: =G36+H35 -> 782665.79 | I36: =G36/((1+'How much will I make'!$C$5/12)^(Calculations!$B$1*12-Calculations!$A36)) -> 3523.6883 | J36: =I36+J35 -> 113821.33 | K36: =$B36*(1+K$3/12)^($B$1*12-$A36) -> 143986.87 | L36: =K36+L35 -> 5304650.1 | M36: =K36/((1+'How much will I make'!$C$5/12)^(Calculations!$B$1*12-Calculations!$A36)) -> 22352.397 | N36: =M36+N35 -> 770313.84 | O36: =$B36*(1+O$3/12)^($B$1*12-$A36) -> 906472.25 | P36: =O36+P35 -> 35723138 | Q36: =O36/((1+'How much will I make'!$C$5/12)^(Calculations!$B$1*12-Calculations!$A36)) -> 140719.97 | R36: =Q36+R35 -> 5179985.2 | S36: =$B36*(1+S$3/12)^($B$1*12-$A36) -> 5663933 | T36: =S36+T35 -> 2.3904105e+08 | U36: =S36/((1+'How much will I make'!$C$5/12)^(Calculations!$B$1*12-Calculations!$A36)) -> 879264.07 | V36: =U36+V35 -> 34611838 | W36: =$B36*(1+W$3/12)^($B$1*12-$A36) -> 35126938 | X36: =W36+X35 -> 1.5894312e+09 | Y36: =W36/((1+'How much will I make'!$C$5/12)^(Calculations!$B$1*12-Calculations!$A36)) -> 5453075.5 | Z36: =Y36+Z35 -> 2.2981241e+08 | AA36: =$B36*(1+AA$3/12)^($B$1*12-$A36) -> 2.1624565e+08 | AB36: =AA36+AB35 -> 1.0502015e+10 | AC36: =AA36/((1+'How much will I make'!$C$5/12)^(Calculations!$B$1*12-Calculations!$A36)) -> 33569787 | AD36: =AC36+AD35 -> 1.516321e+09 | AE36: =$B36*(1+AE$3/12)^($B$1*12-$A36) -> 1.3214944e+09 | AF36: =AE36+AF35 -> 6.8957155e+10 | AG36: =AE36/((1+'How much will I make'!$C$5/12)^(Calculations!$B$1*12-Calculations!$A36)) -> 2.0514765e+08 | AH36: =AG36+AH35 -> 9.9424354e+09
A37: =A36+1 -> 33 | B37: =B36 -> 551.25 | C37: =$B37*(1+$C$3/12)^($B$1*12-$A37) -> 3536.2388 | D37: =C37+D36 -> 118269.58 | E37: =$C37/((1+'How much will I make'!$C$5/12)^(Calculations!$B$1*12-Calculations!$A37)) -> 551.25 | F37: =E37+F36 -> 17261.25 | G37: =$B37*(1+G$3/12)^($B$1*12-$A37) -> 22510.863 | H37: =G37+H36 -> 805176.65 | I37: =G37/((1+'How much will I make'!$C$5/12)^(Calculations!$B$1*12-Calculations!$A37)) -> 3509.1276 | J37: =I37+J36 -> 117330.45 | K37: =$B37*(1+K$3/12)^($B$1*12-$A37) -> 142209.25 | L37: =K37+L36 -> 5446859.4 | M37: =K37/((1+'How much will I make'!$C$5/12)^(Calculations!$B$1*12-Calculations!$A37)) -> 22168.427 | N37: =M37+N36 -> 792482.27 | O37: =$B37*(1+O$3/12)^($B$1*12-$A37) -> 891612.05 | P37: =O37+P36 -> 36614751 | Q37: =O37/((1+'How much will I make'!$C$5/12)^(Calculations!$B$1*12-Calculations!$A37)) -> 138989.8 | R37: =Q37+R36 -> 5318975 | S37: =$B37*(1+S$3/12)^($B$1*12-$A37) -> 5548342.6 | T37: =S37+T36 -> 2.4458939e+08 | U37: =S37/((1+'How much will I make'!$C$5/12)^(Calculations!$B$1*12-Calculations!$A37)) -> 864908.73 | V37: =U37+V36 -> 35476747 | W37: =$B37*(1+W$3/12)^($B$1*12-$A37) -> 34270184 | X37: =W37+X36 -> 1.6237014e+09 | Y37: =W37/((1+'How much will I make'!$C$5/12)^(Calculations!$B$1*12-Calculations!$A37)) -> 5342240.6 | Z37: =Y37+Z36 -> 2.3515465e+08 | AA37: =$B37*(1+AA$3/12)^($B$1*12-$A37) -> 2.1011723e+08 | AB37: =AA37+AB36 -> 1.0712132e+10 | AC37: =AA37/((1+'How much will I make'!$C$5/12)^(Calculations!$B$1*12-Calculations!$A37)) -> 32754327 | AD37: =AC37+AD36 -> 1.5490754e+09 | AE37: =$B37*(1+AE$3/12)^($B$1*12-$A37) -> 1.2788655e+09 | AF37: =AE37+AF36 -> 7.023602e+10 | AG37: =AE37/((1+'How much will I make'!$C$5/12)^(Calculations!$B$1*12-Calculations!$A37)) -> 1.9935719e+08 | AH37: =AG37+AH36 -> 1.0141793e+10
A38: =A37+1 -> 34 | B38: =B37 -> 551.25 | C38: =$B38*(1+$C$3/12)^($B$1*12-$A38) -> 3521.5656 | D38: =C38+D37 -> 121791.14 | E38: =$C38/((1+'How much will I make'!$C$5/12)^(Calculations!$B$1*12-Calculations!$A38)) -> 551.25 | F38: =E38+F37 -> 17812.5 | G38: =$B38*(1+G$3/12)^($B$1*12-$A38) -> 22324.823 | H38: =G38+H37 -> 827501.47 | I38: =G38/((1+'How much will I make'!$C$5/12)^(Calculations!$B$1*12-Calculations!$A38)) -> 3494.6271 | J38: =I38+J37 -> 120825.08 | K38: =$B38*(1+K$3/12)^($B$1*12-$A38) -> 140453.58 | L38: =K38+L37 -> 5587312.9 | M38: =K38/((1+'How much will I make'!$C$5/12)^(Calculations!$B$1*12-Calculations!$A38)) -> 21985.97 | N38: =M38+N37 -> 814468.24 | O38: =$B38*(1+O$3/12)^($B$1*12-$A38) -> 876995.46 | P38: =O38+P37 -> 37491746 | Q38: =O38/((1+'How much will I make'!$C$5/12)^(Calculations!$B$1*12-Calculations!$A38)) -> 137280.91 | R38: =Q38+R37 -> 5456255.9 | S38: =$B38*(1+S$3/12)^($B$1*12-$A38) -> 5435111.1 | T38: =S38+T37 -> 2.500245e+08 | U38: =S38/((1+'How much will I make'!$C$5/12)^(Calculations!$B$1*12-Calculations!$A38)) -> 850787.77 | V38: =U38+V37 -> 36327534 | W38: =$B38*(1+W$3/12)^($B$1*12-$A38) -> 33434326 | X38: =W38+X37 -> 1.6571357e+09 | Y38: =W38/((1+'How much will I make'!$C$5/12)^(Calculations!$B$1*12-Calculations!$A38)) -> 5233658.5 | Z38: =Y38+Z37 -> 2.4038831e+08 | AA38: =$B38*(1+AA$3/12)^($B$1*12-$A38) -> 2.0416249e+08 | AB38: =AA38+AB37 -> 1.0916294e+10 | AC38: =AA38/((1+'How much will I make'!$C$5/12)^(Calculations!$B$1*12-Calculations!$A38)) -> 31958675 | AD38: =AC38+AD37 -> 1.581034e+09 | AE38: =$B38*(1+AE$3/12)^($B$1*12-$A38) -> 1.2376118e+09 | AF38: =AE38+AF37 -> 7.1473632e+10 | AG38: =AE38/((1+'How much will I make'!$C$5/12)^(Calculations!$B$1*12-Calculations!$A38)) -> 1.9373017e+08 | AH38: =AG38+AH37 -> 1.0335523e+10
A39: =A38+1 -> 35 | B39: =B38 -> 551.25 | C39: =$B39*(1+$C$3/12)^($B$1*12-$A39) -> 3506.9533 | D39: =C39+D38 -> 125298.09 | E39: =$C39/((1+'How much will I make'!$C$5/12)^(Calculations!$B$1*12-Calculations!$A39)) -> 551.25 | F39: =E39+F38 -> 18363.75 | G39: =$B39*(1+G$3/12)^($B$1*12-$A39) -> 22140.32 | H39: =G39+H38 -> 849641.79 | I39: =G39/((1+'How much will I make'!$C$5/12)^(Calculations!$B$1*12-Calculations!$A39)) -> 3480.1865 | J39: =I39+J38 -> 124305.27 | K39: =$B39*(1+K$3/12)^($B$1*12-$A39) -> 138719.59 | L39: =K39+L38 -> 5726032.5 | M39: =K39/((1+'How much will I make'!$C$5/12)^(Calculations!$B$1*12-Calculations!$A39)) -> 21805.016 | N39: =M39+N38 -> 836273.26 | O39: =$B39*(1+O$3/12)^($B$1*12-$A39) -> 862618.49 | P39: =O39+P38 -> 38354364 | Q39: =O39/((1+'How much will I make'!$C$5/12)^(Calculations!$B$1*12-Calculations!$A39)) -> 135593.03 | R39: =Q39+R38 -> 5591848.9 | S39: =$B39*(1+S$3/12)^($B$1*12-$A39) -> 5324190.5 | T39: =S39+T38 -> 2.5534869e+08 | U39: =S39/((1+'How much will I make'!$C$5/12)^(Calculations!$B$1*12-Calculations!$A39)) -> 836897.36 | V39: =U39+V38 -> 37164432 | W39: =$B39*(1+W$3/12)^($B$1*12-$A39) -> 32618854 | X39: =W39+X38 -> 1.6897546e+09 | Y39: =W39/((1+'How much will I make'!$C$5/12)^(Calculations!$B$1*12-Calculations!$A39)) -> 5127283.3 | Z39: =Y39+Z38 -> 2.455156e+08 | AA39: =$B39*(1+AA$3/12)^($B$1*12-$A39) -> 1.9837651e+08 | AB39: =AA39+AB38 -> 1.1114671e+10 | AC39: =AA39/((1+'How much will I make'!$C$5/12)^(Calculations!$B$1*12-Calculations!$A39)) -> 31182351 | AD39: =AC39+AD38 -> 1.6122164e+09 | AE39: =$B39*(1+AE$3/12)^($B$1*12-$A39) -> 1.1976889e+09 | AF39: =AE39+AF38 -> 7.2671321e+10 | AG39: =AE39/((1+'How much will I make'!$C$5/12)^(Calculations!$B$1*12-Calculations!$A39)) -> 1.8826198e+08 | AH39: =AG39+AH38 -> 1.0523785e+10
A40: =A39+1 -> 36 | B40: =B39 -> 551.25 | C40: =$B40*(1+$C$3/12)^($B$1*12-$A40) -> 3492.4017 | D40: =C40+D39 -> 128790.5 | E40: =$C40/((1+'How much will I make'!$C$5/12)^(Calculations!$B$1*12-Calculations!$A40)) -> 551.25 | F40: =E40+F39 -> 18915 | G40: =$B40*(1+G$3/12)^($B$1*12-$A40) -> 21957.343 | H40: =G40+H39 -> 871599.14 | I40: =G40/((1+'How much will I make'!$C$5/12)^(Calculations!$B$1*12-Calculations!$A40)) -> 3465.8056 | J40: =I40+J39 -> 127771.07 | K40: =$B40*(1+K$3/12)^($B$1*12-$A40) -> 137007 | L40: =K40+L39 -> 5863039.5 | M40: =K40/((1+'How much will I make'!$C$5/12)^(Calculations!$B$1*12-Calculations!$A40)) -> 21625.551 | N40: =M40+N39 -> 857898.81 | O40: =$B40*(1+O$3/12)^($B$1*12-$A40) -> 848477.2 | P40: =O40+P39 -> 39202842 | Q40: =O40/((1+'How much will I make'!$C$5/12)^(Calculations!$B$1*12-Calculations!$A40)) -> 133925.91 | R40: =Q40+R39 -> 5725774.8 | S40: =$B40*(1+S$3/12)^($B$1*12-$A40) -> 5215533.5 | T40: =S40+T39 -> 2.6056423e+08 | U40: =S40/((1+'How much will I make'!$C$5/12)^(Calculations!$B$1*12-Calculations!$A40)) -> 823233.73 | V40: =U40+V39 -> 37987665 | W40: =$B40*(1+W$3/12)^($B$1*12-$A40) -> 31823272 | X40: =W40+X39 -> 1.7215779e+09 | Y40: =W40/((1+'How much will I make'!$C$5/12)^(Calculations!$B$1*12-Calculations!$A40)) -> 5023070.3 | Z40: =Y40+Z39 -> 2.5053867e+08 | AA40: =$B40*(1+AA$3/12)^($B$1*12-$A40) -> 1.927545e+08 | AB40: =AA40+AB39 -> 1.1307425e+10 | AC40: =AA40/((1+'How much will I make'!$C$5/12)^(Calculations!$B$1*12-Calculations!$A40)) -> 30424885 | AD40: =AC40+AD39 -> 1.6426413e+09 | AE40: =$B40*(1+AE$3/12)^($B$1*12-$A40) -> 1.1590537e+09 | AF40: =AE40+AF39 -> 7.3830375e+10 | AG40: =AE40/((1+'How much will I make'!$C$5/12)^(Calculations!$B$1*12-Calculations!$A40)) -> 1.8294813e+08 | AH40: =AG40+AH39 -> 1.0706733e+10
A41: =A40+1 -> 37 | B41: =B40*(1+'How much will I make'!$C$4) -> 578.8125 | C41: =$B41*(1+$C$3/12)^($B$1*12-$A41) -> 3651.8059 | D41: =C41+D40 -> 132442.3 | E41: =$C41/((1+'How much will I make'!$C$5/12)^(Calculations!$B$1*12-Calculations!$A41)) -> 578.8125 | F41: =E41+F40 -> 19493.812 | G41: =$B41*(1+G$3/12)^($B$1*12-$A41) -> 22864.671 | H41: =G41+H40 -> 894463.81 | I41: =G41/((1+'How much will I make'!$C$5/12)^(Calculations!$B$1*12-Calculations!$A41)) -> 3624.0583 | J41: =I41+J40 -> 131395.13 | K41: =$B41*(1+K$3/12)^($B$1*12-$A41) -> 142081.33 | L41: =K41+L40 -> 6005120.9 | M41: =K41/((1+'How much will I make'!$C$5/12)^(Calculations!$B$1*12-Calculations!$A41)) -> 22519.941 | N41: =M41+N40 -> 880418.75 | O41: =$B41*(1+O$3/12)^($B$1*12-$A41) -> 876296.13 | P41: =O41+P40 -> 40079138 | Q41: =O41/((1+'How much will I make'!$C$5/12)^(Calculations!$B$1*12-Calculations!$A41)) -> 138893.24 | R41: =Q41+R40 -> 5864668.1 | S41: =$B41*(1+S$3/12)^($B$1*12-$A41) -> 5364548.8 | T41: =S41+T40 -> 2.6592878e+08 | U41: =S41/((1+'How much will I make'!$C$5/12)^(Calculations!$B$1*12-Calculations!$A41)) -> 850282.84 | V41: =U41+V40 -> 38837948 | W41: =$B41*(1+W$3/12)^($B$1*12-$A41) -> 32599450 | X41: =W41+X40 -> 1.7541773e+09 | Y41: =W41/((1+'How much will I make'!$C$5/12)^(Calculations!$B$1*12-Calculations!$A41)) -> 5167024.1 | Z41: =Y41+Z40 -> 2.5570569e+08 | AA41: =$B41*(1+AA$3/12)^($B$1*12-$A41) -> 1.9665641e+08 | AB41: =AA41+AB40 -> 1.1504082e+10 | AC41: =AA41/((1+'How much will I make'!$C$5/12)^(Calculations!$B$1*12-Calculations!$A41)) -> 31170110 | AD41: =AC41+AD40 -> 1.6738114e+09 | AE41: =$B41*(1+AE$3/12)^($B$1*12-$A41) -> 1.1777481e+09 | AF41: =AE41+AF40 -> 7.5008123e+10 | AG41: =AE41/((1+'How much will I make'!$C$5/12)^(Calculations!$B$1*12-Calculations!$A41)) -> 1.8667349e+08 | AH41: =AG41+AH40 -> 1.0893406e+10
A42: =A41+1 -> 38 | B42: =B41 -> 578.8125 | C42: =$B42*(1+$C$3/12)^($B$1*12-$A42) -> 3636.6532 | D42: =C42+D41 -> 136078.96 | E42: =$C42/((1+'How much will I make'!$C$5/12)^(Calculations!$B$1*12-Calculations!$A42)) -> 578.8125 | F42: =E42+F41 -> 20072.625 | G42: =$B42*(1+G$3/12)^($B$1*12-$A42) -> 22675.707 | H42: =G42+H41 -> 917139.51 | I42: =G42/((1+'How much will I make'!$C$5/12)^(Calculations!$B$1*12-Calculations!$A42)) -> 3609.0828 | J42: =I42+J41 -> 135004.21 | K42: =$B42*(1+K$3/12)^($B$1*12-$A42) -> 140327.24 | L42: =K42+L41 -> 6145448.1 | M42: =K42/((1+'How much will I make'!$C$5/12)^(Calculations!$B$1*12-Calculations!$A42)) -> 22334.592 | N42: =M42+N41 -> 902753.34 | O42: =$B42*(1+O$3/12)^($B$1*12-$A42) -> 861930.61 | P42: =O42+P41 -> 40941068 | Q42: =O42/((1+'How much will I make'!$C$5/12)^(Calculations!$B$1*12-Calculations!$A42)) -> 137185.54 | R42: =Q42+R41 -> 6001853.6 | S42: =$B42*(1+S$3/12)^($B$1*12-$A42) -> 5255068.2 | T42: =S42+T41 -> 2.7118384e+08 | U42: =S42/((1+'How much will I make'!$C$5/12)^(Calculations!$B$1*12-Calculations!$A42)) -> 836400.67 | V42: =U42+V41 -> 39674349 | W42: =$B42*(1+W$3/12)^($B$1*12-$A42) -> 31804341 | X42: =W42+X41 -> 1.7859817e+09 | Y42: =W42/((1+'How much will I make'!$C$5/12)^(Calculations!$B$1*12-Calculations!$A42)) -> 5062003.3 | Z42: =Y42+Z41 -> 2.6076769e+08 | AA42: =$B42*(1+AA$3/12)^($B$1*12-$A42) -> 1.9108316e+08 | AB42: =AA42+AB41 -> 1.1695165e+10 | AC42: =AA42/((1+'How much will I make'!$C$5/12)^(Calculations!$B$1*12-Calculations!$A42)) -> 30412941 | AD42: =AC42+AD41 -> 1.7042243e+09 | AE42: =$B42*(1+AE$3/12)^($B$1*12-$A42) -> 1.1397563e+09 | AF42: =AE42+AF41 -> 7.6147879e+10 | AG42: =AE42/((1+'How much will I make'!$C$5/12)^(Calculations!$B$1*12-Calculations!$A42)) -> 1.8140448e+08 | AH42: =AG42+AH41 -> 1.1074811e+10
A43: =A42+1 -> 39 | B43: =B42 -> 578.8125 | C43: =$B43*(1+$C$3/12)^($B$1*12-$A43) -> 3621.5633 | D43: =C43+D42 -> 139700.52 | E43: =$C43/((1+'How much will I make'!$C$5/12)^(Calculations!$B$1*12-Calculations!$A43)) -> 578.8125 | F43: =E43+F42 -> 20651.438 | G43: =$B43*(1+G$3/12)^($B$1*12-$A43) -> 22488.304 | H43: =G43+H42 -> 939627.82 | I43: =G43/((1+'How much will I make'!$C$5/12)^(Calculations!$B$1*12-Calculations!$A43)) -> 3594.1692 | J43: =I43+J42 -> 138598.38 | K43: =$B43*(1+K$3/12)^($B$1*12-$A43) -> 138594.81 | L43: =K43+L42 -> 6284042.9 | M43: =K43/((1+'How much will I make'!$C$5/12)^(Calculations!$B$1*12-Calculations!$A43)) -> 22150.768 | N43: =M43+N42 -> 924904.11 | O43: =$B43*(1+O$3/12)^($B$1*12-$A43) -> 847800.6 | P43: =O43+P42 -> 41788869 | Q43: =O43/((1+'How much will I make'!$C$5/12)^(Calculations!$B$1*12-Calculations!$A43)) -> 135498.83 | R43: =Q43+R42 -> 6137352.4 | S43: =$B43*(1+S$3/12)^($B$1*12-$A43) -> 5147821.9 | T43: =S43+T42 -> 2.7633167e+08 | U43: =S43/((1+'How much will I make'!$C$5/12)^(Calculations!$B$1*12-Calculations!$A43)) -> 822745.15 | V43: =U43+V42 -> 40497094 | W43: =$B43*(1+W$3/12)^($B$1*12-$A43) -> 31028626 | X43: =W43+X42 -> 1.8170103e+09 | Y43: =W43/((1+'How much will I make'!$C$5/12)^(Calculations!$B$1*12-Calculations!$A43)) -> 4959117 | Z43: =Y43+Z42 -> 2.6572681e+08 | AA43: =$B43*(1+AA$3/12)^($B$1*12-$A43) -> 1.8566784e+08 | AB43: =AA43+AB42 -> 1.1880833e+10 | AC43: =AA43/((1+'How much will I make'!$C$5/12)^(Calculations!$B$1*12-Calculations!$A43)) -> 29674165 | AD43: =AC43+AD42 -> 1.7338985e+09 | AE43: =$B43*(1+AE$3/12)^($B$1*12-$A43) -> 1.1029899e+09 | AF43: =AE43+AF42 -> 7.7250869e+10 | AG43: =AE43/((1+'How much will I make'!$C$5/12)^(Calculations!$B$1*12-Calculations!$A43)) -> 1.7628419e+08 | AH43: =AG43+AH42 -> 1.1251095e+10
A44: =A43+1 -> 40 | B44: =B43 -> 578.8125 | C44: =$B44*(1+$C$3/12)^($B$1*12-$A44) -> 3606.5361 | D44: =C44+D43 -> 143307.05 | E44: =$C44/((1+'How much will I make'!$C$5/12)^(Calculations!$B$1*12-Calculations!$A44)) -> 578.8125 | F44: =E44+F43 -> 21230.25 | G44: =$B44*(1+G$3/12)^($B$1*12-$A44) -> 22302.45 | H44: =G44+H43 -> 961930.27 | I44: =G44/((1+'How much will I make'!$C$5/12)^(Calculations!$B$1*12-Calculations!$A44)) -> 3579.3173 | J44: =I44+J43 -> 142177.7 | K44: =$B44*(1+K$3/12)^($B$1*12-$A44) -> 136883.76 | L44: =K44+L43 -> 6420926.7 | M44: =K44/((1+'How much will I make'!$C$5/12)^(Calculations!$B$1*12-Calculations!$A44)) -> 21968.457 | N44: =M44+N43 -> 946872.56 | O44: =$B44*(1+O$3/12)^($B$1*12-$A44) -> 833902.23 | P44: =O44+P43 -> 42622771 | Q44: =O44/((1+'How much will I make'!$C$5/12)^(Calculations!$B$1*12-Calculations!$A44)) -> 133832.86 | R44: =Q44+R43 -> 6271185.3 | S44: =$B44*(1+S$3/12)^($B$1*12-$A44) -> 5042764.3 | T44: =S44+T43 -> 2.8137443e+08 | U44: =S44/((1+'How much will I make'!$C$5/12)^(Calculations!$B$1*12-Calculations!$A44)) -> 809312.58 | V44: =U44+V43 -> 41306407 | W44: =$B44*(1+W$3/12)^($B$1*12-$A44) -> 30271830 | X44: =W44+X43 -> 1.8472821e+09 | Y44: =W44/((1+'How much will I make'!$C$5/12)^(Calculations!$B$1*12-Calculations!$A44)) -> 4858322 | Z44: =Y44+Z43 -> 2.7058513e+08 | AA44: =$B44*(1+AA$3/12)^($B$1*12-$A44) -> 1.80406e+08 | AB44: =AA44+AB43 -> 1.2061239e+10 | AC44: =AA44/((1+'How much will I make'!$C$5/12)^(Calculations!$B$1*12-Calculations!$A44)) -> 28953336 | AD44: =AC44+AD43 -> 1.7628518e+09 | AE44: =$B44*(1+AE$3/12)^($B$1*12-$A44) -> 1.0674096e+09 | AF44: =AE44+AF43 -> 7.8318279e+10 | AG44: =AE44/((1+'How much will I make'!$C$5/12)^(Calculations!$B$1*12-Calculations!$A44)) -> 1.7130843e+08 | AH44: =AG44+AH43 -> 1.1422404e+10
A45: =A44+1 -> 41 | B45: =B44 -> 578.8125 | C45: =$B45*(1+$C$3/12)^($B$1*12-$A45) -> 3591.5712 | D45: =C45+D44 -> 146898.63 | E45: =$C45/((1+'How much will I make'!$C$5/12)^(Calculations!$B$1*12-Calculations!$A45)) -> 578.8125 | F45: =E45+F44 -> 21809.062 | G45: =$B45*(1+G$3/12)^($B$1*12-$A45) -> 22118.133 | H45: =G45+H44 -> 984048.4 | I45: =G45/((1+'How much will I make'!$C$5/12)^(Calculations!$B$1*12-Calculations!$A45)) -> 3564.5267 | J45: =I45+J44 -> 145742.23 | K45: =$B45*(1+K$3/12)^($B$1*12-$A45) -> 135193.84 | L45: =K45+L44 -> 6556120.5 | M45: =K45/((1+'How much will I make'!$C$5/12)^(Calculations!$B$1*12-Calculations!$A45)) -> 21787.647 | N45: =M45+N44 -> 968660.21 | O45: =$B45*(1+O$3/12)^($B$1*12-$A45) -> 820231.71 | P45: =O45+P44 -> 43443003 | Q45: =O45/((1+'How much will I make'!$C$5/12)^(Calculations!$B$1*12-Calculations!$A45)) -> 132187.37 | R45: =Q45+R44 -> 6403372.7 | S45: =$B45*(1+S$3/12)^($B$1*12-$A45) -> 4939850.7 | T45: =S45+T44 -> 2.8631428e+08 | U45: =S45/((1+'How much will I make'!$C$5/12)^(Calculations!$B$1*12-Calculations!$A45)) -> 796099.31 | V45: =U45+V44 -> 42102506 | W45: =$B45*(1+W$3/12)^($B$1*12-$A45) -> 29533493 | X45: =W45+X44 -> 1.8768156e+09 | Y45: =W45/((1+'How much will I make'!$C$5/12)^(Calculations!$B$1*12-Calculations!$A45)) -> 4759575.6 | Z45: =Y45+Z44 -> 2.7534471e+08 | AA45: =$B45*(1+AA$3/12)^($B$1*12-$A45) -> 1.7529328e+08 | AB45: =AA45+AB44 -> 1.2236532e+10 | AC45: =AA45/((1+'How much will I make'!$C$5/12)^(Calculations!$B$1*12-Calculations!$A45)) -> 28250016 | AD45: =AC45+AD44 -> 1.7911019e+09 | AE45: =$B45*(1+AE$3/12)^($B$1*12-$A45) -> 1.0329771e+09 | AF45: =AE45+AF44 -> 7.9351256e+10 | AG45: =AE45/((1+'How much will I make'!$C$5/12)^(Calculations!$B$1*12-Calculations!$A45)) -> 1.6647311e+08 | AH45: =AG45+AH44 -> 1.1588877e+10
A46: =A45+1 -> 42 | B46: =B45 -> 578.8125 | C46: =$B46*(1+$C$3/12)^($B$1*12-$A46) -> 3576.6684 | D46: =C46+D45 -> 150475.29 | E46: =$C46/((1+'How much will I make'!$C$5/12)^(Calculations!$B$1*12-Calculations!$A46)) -> 578.8125 | F46: =E46+F45 -> 22387.875 | G46: =$B46*(1+G$3/12)^($B$1*12-$A46) -> 21935.338 | H46: =G46+H45 -> 1005983.7 | I46: =G46/((1+'How much will I make'!$C$5/12)^(Calculations!$B$1*12-Calculations!$A46)) -> 3549.7973 | J46: =I46+J45 -> 149292.02 | K46: =$B46*(1+K$3/12)^($B$1*12-$A46) -> 133524.78 | L46: =K46+L45 -> 6689645.3 | M46: =K46/((1+'How much will I make'!$C$5/12)^(Calculations!$B$1*12-Calculations!$A46)) -> 21608.324 | N46: =M46+N45 -> 990268.54 | O46: =$B46*(1+O$3/12)^($B$1*12-$A46) -> 806785.28 | P46: =O46+P45 -> 44249788 | Q46: =O46/((1+'How much will I make'!$C$5/12)^(Calculations!$B$1*12-Calculations!$A46)) -> 130562.12 | R46: =Q46+R45 -> 6533934.8 | S46: =$B46*(1+S$3/12)^($B$1*12-$A46) -> 4839037.5 | T46: =S46+T45 -> 2.9115332e+08 | U46: =S46/((1+'How much will I make'!$C$5/12)^(Calculations!$B$1*12-Calculations!$A46)) -> 783101.77 | V46: =U46+V45 -> 42885608 | W46: =$B46*(1+W$3/12)^($B$1*12-$A46) -> 28813163 | X46: =W46+X45 -> 1.9056288e+09 | Y46: =W46/((1+'How much will I make'!$C$5/12)^(Calculations!$B$1*12-Calculations!$A46)) -> 4662836.3 | Z46: =Y46+Z45 -> 2.8000754e+08 | AA46: =$B46*(1+AA$3/12)^($B$1*12-$A46) -> 1.7032546e+08 | AB46: =AA46+AB45 -> 1.2406858e+10 | AC46: =AA46/((1+'How much will I make'!$C$5/12)^(Calculations!$B$1*12-Calculations!$A46)) -> 27563780 | AD46: =AC46+AD45 -> 1.8186656e+09 | AE46: =$B46*(1+AE$3/12)^($B$1*12-$A46) -> 9.9965521e+08 | AF46: =AE46+AF45 -> 8.0350911e+10 | AG46: =AE46/((1+'How much will I make'!$C$5/12)^(Calculations!$B$1*12-Calculations!$A46)) -> 1.6177427e+08 | AH46: =AG46+AH45 -> 1.1750651e+10
A47: =A46+1 -> 43 | B47: =B46 -> 578.8125 | C47: =$B47*(1+$C$3/12)^($B$1*12-$A47) -> 3561.8275 | D47: =C47+D46 -> 154037.12 | E47: =$C47/((1+'How much will I make'!$C$5/12)^(Calculations!$B$1*12-Calculations!$A47)) -> 578.8125 | F47: =E47+F46 -> 22966.688 | G47: =$B47*(1+G$3/12)^($B$1*12-$A47) -> 21754.054 | H47: =G47+H46 -> 1027737.8 | I47: =G47/((1+'How much will I make'!$C$5/12)^(Calculations!$B$1*12-Calculations!$A47)) -> 3535.1287 | J47: =I47+J46 -> 152827.15 | K47: =$B47*(1+K$3/12)^($B$1*12-$A47) -> 131876.32 | L47: =K47+L46 -> 6821521.6 | M47: =K47/((1+'How much will I make'!$C$5/12)^(Calculations!$B$1*12-Calculations!$A47)) -> 21430.478 | N47: =M47+N46 -> 1011699 | O47: =$B47*(1+O$3/12)^($B$1*12-$A47) -> 793559.3 | P47: =O47+P46 -> 45043348 | Q47: =O47/((1+'How much will I make'!$C$5/12)^(Calculations!$B$1*12-Calculations!$A47)) -> 128956.85 | R47: =Q47+R46 -> 6662891.6 | S47: =$B47*(1+S$3/12)^($B$1*12-$A47) -> 4740281.6 | T47: =S47+T46 -> 2.958936e+08 | U47: =S47/((1+'How much will I make'!$C$5/12)^(Calculations!$B$1*12-Calculations!$A47)) -> 770316.43 | V47: =U47+V46 -> 43655924 | W47: =$B47*(1+W$3/12)^($B$1*12-$A47) -> 28110403 | X47: =W47+X46 -> 1.9337392e+09 | Y47: =W47/((1+'How much will I make'!$C$5/12)^(Calculations!$B$1*12-Calculations!$A47)) -> 4568063.2 | Z47: =Y47+Z46 -> 2.8457561e+08 | AA47: =$B47*(1+AA$3/12)^($B$1*12-$A47) -> 1.6549842e+08 | AB47: =AA47+AB46 -> 1.2572356e+10 | AC47: =AA47/((1+'How much will I make'!$C$5/12)^(Calculations!$B$1*12-Calculations!$A47)) -> 26894215 | AD47: =AC47+AD46 -> 1.8455598e+09 | AE47: =$B47*(1+AE$3/12)^($B$1*12-$A47) -> 9.6740827e+08 | AF47: =AE47+AF46 -> 8.1318319e+10 | AG47: =AE47/((1+'How much will I make'!$C$5/12)^(Calculations!$B$1*12-Calculations!$A47)) -> 1.5720806e+08 | AH47: =AG47+AH46 -> 1.1907859e+10
A48: =A47+1 -> 44 | B48: =B47 -> 578.8125 | C48: =$B48*(1+$C$3/12)^($B$1*12-$A48) -> 3547.0481 | D48: =C48+D47 -> 157584.17 | E48: =$C48/((1+'How much will I make'!$C$5/12)^(Calculations!$B$1*12-Calculations!$A48)) -> 578.8125 | F48: =E48+F47 -> 23545.5 | G48: =$B48*(1+G$3/12)^($B$1*12-$A48) -> 21574.269 | H48: =G48+H47 -> 1049312.1 | I48: =G48/((1+'How much will I make'!$C$5/12)^(Calculations!$B$1*12-Calculations!$A48)) -> 3520.5207 | J48: =I48+J47 -> 156347.67 | K48: =$B48*(1+K$3/12)^($B$1*12-$A48) -> 130248.22 | L48: =K48+L47 -> 6951769.9 | M48: =K48/((1+'How much will I make'!$C$5/12)^(Calculations!$B$1*12-Calculations!$A48)) -> 21254.096 | N48: =M48+N47 -> 1032953.1 | O48: =$B48*(1+O$3/12)^($B$1*12-$A48) -> 780550.13 | P48: =O48+P47 -> 45823898 | Q48: =O48/((1+'How much will I make'!$C$5/12)^(Calculations!$B$1*12-Calculations!$A48)) -> 127371.31 | R48: =Q48+R47 -> 6790262.9 | S48: =$B48*(1+S$3/12)^($B$1*12-$A48) -> 4643541.1 | T48: =S48+T47 -> 3.0053714e+08 | U48: =S48/((1+'How much will I make'!$C$5/12)^(Calculations!$B$1*12-Calculations!$A48)) -> 757739.84 | V48: =U48+V47 -> 44413664 | W48: =$B48*(1+W$3/12)^($B$1*12-$A48) -> 27424784 | X48: =W48+X47 -> 1.961164e+09 | Y48: =W48/((1+'How much will I make'!$C$5/12)^(Calculations!$B$1*12-Calculations!$A48)) -> 4475216.4 | Z48: =Y48+Z47 -> 2.8905082e+08 | AA48: =$B48*(1+AA$3/12)^($B$1*12-$A48) -> 1.6080818e+08 | AB48: =AA48+AB47 -> 1.2733164e+10 | AC48: =AA48/((1+'How much will I make'!$C$5/12)^(Calculations!$B$1*12-Calculations!$A48)) -> 26240914 | AD48: =AC48+AD47 -> 1.8718008e+09 | AE48: =$B48*(1+AE$3/12)^($B$1*12-$A48) -> 9.3620155e+08 | AF48: =AE48+AF47 -> 8.2254521e+10 | AG48: =AE48/((1+'How much will I make'!$C$5/12)^(Calculations!$B$1*12-Calculations!$A48)) -> 1.5277074e+08 | AH48: =AG48+AH47 -> 1.206063e+10
A49: =A48+1 -> 45 | B49: =B48 -> 578.8125 | C49: =$B49*(1+$C$3/12)^($B$1*12-$A49) -> 3532.3301 | D49: =C49+D48 -> 161116.5 | E49: =$C49/((1+'How much will I make'!$C$5/12)^(Calculations!$B$1*12-Calculations!$A49)) -> 578.8125 | F49: =E49+F48 -> 24124.312 | G49: =$B49*(1+G$3/12)^($B$1*12-$A49) -> 21395.969 | H49: =G49+H48 -> 1070708 | I49: =G49/((1+'How much will I make'!$C$5/12)^(Calculations!$B$1*12-Calculations!$A49)) -> 3505.9731 | J49: =I49+J48 -> 159853.65 | K49: =$B49*(1+K$3/12)^($B$1*12-$A49) -> 128640.22 | L49: =K49+L48 -> 7080410.1 | M49: =K49/((1+'How much will I make'!$C$5/12)^(Calculations!$B$1*12-Calculations!$A49)) -> 21079.165 | N49: =M49+N48 -> 1054032.3 | O49: =$B49*(1+O$3/12)^($B$1*12-$A49) -> 767754.22 | P49: =O49+P48 -> 46591652 | Q49: =O49/((1+'How much will I make'!$C$5/12)^(Calculations!$B$1*12-Calculations!$A49)) -> 125805.27 | R49: =Q49+R48 -> 6916068.2 | S49: =$B49*(1+S$3/12)^($B$1*12-$A49) -> 4548775 | T49: =S49+T48 -> 3.0508592e+08 | U49: =S49/((1+'How much will I make'!$C$5/12)^(Calculations!$B$1*12-Calculations!$A49)) -> 745368.58 | V49: =U49+V48 -> 45159033 | W49: =$B49*(1+W$3/12)^($B$1*12-$A49) -> 26755887 | X49: =W49+X48 -> 1.9879199e+09 | Y49: =W49/((1+'How much will I make'!$C$5/12)^(Calculations!$B$1*12-Calculations!$A49)) -> 4384256.7 | Z49: =Y49+Z48 -> 2.9343508e+08 | AA49: =$B49*(1+AA$3/12)^($B$1*12-$A49) -> 1.5625086e+08 | AB49: =AA49+AB48 -> 1.2889415e+10 | AC49: =AA49/((1+'How much will I make'!$C$5/12)^(Calculations!$B$1*12-Calculations!$A49)) -> 25603483 | AD49: =AC49+AD48 -> 1.8974042e+09 | AE49: =$B49*(1+AE$3/12)^($B$1*12-$A49) -> 9.060015e+08 | AF49: =AE49+AF48 -> 8.3160522e+10 | AG49: =AE49/((1+'How much will I make'!$C$5/12)^(Calculations!$B$1*12-Calculations!$A49)) -> 1.4845866e+08 | AH49: =AG49+AH48 -> 1.2209088e+10
A50: =A49+1 -> 46 | B50: =B49 -> 578.8125 | C50: =$B50*(1+$C$3/12)^($B$1*12-$A50) -> 3517.6731 | D50: =C50+D49 -> 164634.17 | E50: =$C50/((1+'How much will I make'!$C$5/12)^(Calculations!$B$1*12-Calculations!$A50)) -> 578.8125 | F50: =E50+F49 -> 24703.125 | G50: =$B50*(1+G$3/12)^($B$1*12-$A50) -> 21219.143 | H50: =G50+H49 -> 1091927.2 | I50: =G50/((1+'How much will I make'!$C$5/12)^(Calculations!$B$1*12-Calculations!$A50)) -> 3491.4856 | J50: =I50+J49 -> 163345.13 | K50: =$B50*(1+K$3/12)^($B$1*12-$A50) -> 127052.07 | L50: =K50+L49 -> 7207462.1 | M50: =K50/((1+'How much will I make'!$C$5/12)^(Calculations!$B$1*12-Calculations!$A50)) -> 20905.674 | N50: =M50+N49 -> 1074937.9 | O50: =$B50*(1+O$3/12)^($B$1*12-$A50) -> 755168.09 | P50: =O50+P49 -> 47346820 | Q50: =O50/((1+'How much will I make'!$C$5/12)^(Calculations!$B$1*12-Calculations!$A50)) -> 124258.49 | R50: =Q50+R49 -> 7040326.7 | S50: =$B50*(1+S$3/12)^($B$1*12-$A50) -> 4455942.9 | T50: =S50+T49 -> 3.0954186e+08 | U50: =S50/((1+'How much will I make'!$C$5/12)^(Calculations!$B$1*12-Calculations!$A50)) -> 733199.29 | V50: =U50+V49 -> 45892232 | W50: =$B50*(1+W$3/12)^($B$1*12-$A50) -> 26103304 | X50: =W50+X49 -> 2.0140232e+09 | Y50: =W50/((1+'How much will I make'!$C$5/12)^(Calculations!$B$1*12-Calculations!$A50)) -> 4295145.8 | Z50: =Y50+Z49 -> 2.9773023e+08 | AA50: =$B50*(1+AA$3/12)^($B$1*12-$A50) -> 1.518227e+08 | AB50: =AA50+AB49 -> 1.3041238e+10 | AC50: =AA50/((1+'How much will I make'!$C$5/12)^(Calculations!$B$1*12-Calculations!$A50)) -> 24981536 | AD50: =AC50+AD49 -> 1.9223858e+09 | AE50: =$B50*(1+AE$3/12)^($B$1*12-$A50) -> 8.7677564e+08 | AF50: =AE50+AF49 -> 8.4037298e+10 | AG50: =AE50/((1+'How much will I make'!$C$5/12)^(Calculations!$B$1*12-Calculations!$A50)) -> 1.442683e+08 | AH50: =AG50+AH49 -> 1.2353357e+10
A51: =A50+1 -> 47 | B51: =B50 -> 578.8125 | C51: =$B51*(1+$C$3/12)^($B$1*12-$A51) -> 3503.0769 | D51: =C51+D50 -> 168137.25 | E51: =$C51/((1+'How much will I make'!$C$5/12)^(Calculations!$B$1*12-Calculations!$A51)) -> 578.8125 | F51: =E51+F50 -> 25281.938 | G51: =$B51*(1+G$3/12)^($B$1*12-$A51) -> 21043.778 | H51: =G51+H50 -> 1112971 | I51: =G51/((1+'How much will I make'!$C$5/12)^(Calculations!$B$1*12-Calculations!$A51)) -> 3477.058 | J51: =I51+J50 -> 166822.19 | K51: =$B51*(1+K$3/12)^($B$1*12-$A51) -> 125483.52 | L51: =K51+L50 -> 7332945.7 | M51: =K51/((1+'How much will I make'!$C$5/12)^(Calculations!$B$1*12-Calculations!$A51)) -> 20733.61 | N51: =M51+N50 -> 1095671.6 | O51: =$B51*(1+O$3/12)^($B$1*12-$A51) -> 742788.28 | P51: =O51+P50 -> 48089608 | Q51: =O51/((1+'How much will I make'!$C$5/12)^(Calculations!$B$1*12-Calculations!$A51)) -> 122730.72 | R51: =Q51+R50 -> 7163057.4 | S51: =$B51*(1+S$3/12)^($B$1*12-$A51) -> 4365005.2 | T51: =S51+T50 -> 3.1390686e+08 | U51: =S51/((1+'How much will I make'!$C$5/12)^(Calculations!$B$1*12-Calculations!$A51)) -> 721228.69 | V51: =U51+V50 -> 46613461 | W51: =$B51*(1+W$3/12)^($B$1*12-$A51) -> 25466638 | X51: =W51+X50 -> 2.0394898e+09 | Y51: =W51/((1+'How much will I make'!$C$5/12)^(Calculations!$B$1*12-Calculations!$A51)) -> 4207846.1 | Z51: =Y51+Z50 -> 3.0193807e+08 | AA51: =$B51*(1+AA$3/12)^($B$1*12-$A51) -> 1.4752003e+08 | AB51: =AA51+AB50 -> 1.3188758e+10 | AC51: =AA51/((1+'How much will I make'!$C$5/12)^(Calculations!$B$1*12-Calculations!$A51)) -> 24374697 | AD51: =AC51+AD50 -> 1.9467605e+09 | AE51: =$B51*(1+AE$3/12)^($B$1*12-$A51) -> 8.4849256e+08 | AF51: =AE51+AF50 -> 8.4885791e+10 | AG51: =AE51/((1+'How much will I make'!$C$5/12)^(Calculations!$B$1*12-Calculations!$A51)) -> 1.4019621e+08 | AH51: =AG51+AH50 -> 1.2493553e+10
A52: =A51+1 -> 48 | B52: =B51 -> 578.8125 | C52: =$B52*(1+$C$3/12)^($B$1*12-$A52) -> 3488.5413 | D52: =C52+D51 -> 171625.79 | E52: =$C52/((1+'How much will I make'!$C$5/12)^(Calculations!$B$1*12-Calculations!$A52)) -> 578.8125 | F52: =E52+F51 -> 25860.75 | G52: =$B52*(1+G$3/12)^($B$1*12-$A52) -> 20869.862 | H52: =G52+H51 -> 1133840.8 | I52: =G52/((1+'How much will I make'!$C$5/12)^(Calculations!$B$1*12-Calculations!$A52)) -> 3462.69 | J52: =I52+J51 -> 170284.88 | K52: =$B52*(1+K$3/12)^($B$1*12-$A52) -> 123934.35 | L52: =K52+L51 -> 7456880 | M52: =K52/((1+'How much will I make'!$C$5/12)^(Calculations!$B$1*12-Calculations!$A52)) -> 20562.963 | N52: =M52+N51 -> 1116234.5 | O52: =$B52*(1+O$3/12)^($B$1*12-$A52) -> 730611.43 | P52: =O52+P51 -> 48820220 | Q52: =O52/((1+'How much will I make'!$C$5/12)^(Calculations!$B$1*12-Calculations!$A52)) -> 121221.73 | R52: =Q52+R51 -> 7284279.1 | S52: =$B52*(1+S$3/12)^($B$1*12-$A52) -> 4275923.5 | T52: =S52+T51 -> 3.1818279e+08 | U52: =S52/((1+'How much will I make'!$C$5/12)^(Calculations!$B$1*12-Calculations!$A52)) -> 709453.53 | V52: =U52+V51 -> 47322914 | W52: =$B52*(1+W$3/12)^($B$1*12-$A52) -> 24845501 | X52: =W52+X51 -> 2.0643353e+09 | Y52: =W52/((1+'How much will I make'!$C$5/12)^(Calculations!$B$1*12-Calculations!$A52)) -> 4122320.7 | Z52: =Y52+Z51 -> 3.0606039e+08 | AA52: =$B52*(1+AA$3/12)^($B$1*12-$A52) -> 1.433393e+08 | AB52: =AA52+AB51 -> 1.3332097e+10 | AC52: =AA52/((1+'How much will I make'!$C$5/12)^(Calculations!$B$1*12-Calculations!$A52)) -> 23782599 | AD52: =AC52+AD51 -> 1.9705431e+09 | AE52: =$B52*(1+AE$3/12)^($B$1*12-$A52) -> 8.2112183e+08 | AF52: =AE52+AF51 -> 8.5706912e+10 | AG52: =AE52/((1+'How much will I make'!$C$5/12)^(Calculations!$B$1*12-Calculations!$A52)) -> 1.3623906e+08 | AH52: =AG52+AH51 -> 1.2629792e+10
A53: =A52+1 -> 49 | B53: =B52*(1+'How much will I make'!$C$4) -> 607.75313 | C53: =$B53*(1+$C$3/12)^($B$1*12-$A53) -> 3647.7694 | D53: =C53+D52 -> 175273.56 | E53: =$C53/((1+'How much will I make'!$C$5/12)^(Calculations!$B$1*12-Calculations!$A53)) -> 607.75313 | F53: =E53+F52 -> 26468.503 | G53: =$B53*(1+G$3/12)^($B$1*12-$A53) -> 21732.253 | H53: =G53+H52 -> 1155573.1 | I53: =G53/((1+'How much will I make'!$C$5/12)^(Calculations!$B$1*12-Calculations!$A53)) -> 3620.8004 | J53: =I53+J52 -> 173905.68 | K53: =$B53*(1+K$3/12)^($B$1*12-$A53) -> 128524.51 | L53: =K53+L52 -> 7585404.5 | M53: =K53/((1+'How much will I make'!$C$5/12)^(Calculations!$B$1*12-Calculations!$A53)) -> 21413.407 | N53: =M53+N52 -> 1137647.9 | O53: =$B53*(1+O$3/12)^($B$1*12-$A53) -> 754565.9 | P53: =O53+P52 -> 49574786 | Q53: =O53/((1+'How much will I make'!$C$5/12)^(Calculations!$B$1*12-Calculations!$A53)) -> 125717.87 | R53: =Q53+R52 -> 7409997 | S53: =$B53*(1+S$3/12)^($B$1*12-$A53) -> 4398092.8 | T53: =S53+T52 -> 3.2258088e+08 | U53: =S53/((1+'How much will I make'!$C$5/12)^(Calculations!$B$1*12-Calculations!$A53)) -> 732764.15 | V53: =U53+V52 -> 48055678 | W53: =$B53*(1+W$3/12)^($B$1*12-$A53) -> 25451488 | X53: =W53+X52 -> 2.0897868e+09 | Y53: =W53/((1+'How much will I make'!$C$5/12)^(Calculations!$B$1*12-Calculations!$A53)) -> 4240460.4 | Z53: =Y53+Z52 -> 3.1030085e+08 | AA53: =$B53*(1+AA$3/12)^($B$1*12-$A53) -> 1.4624091e+08 | AB53: =AA53+AB52 -> 1.3478338e+10 | AC53: =AA53/((1+'How much will I make'!$C$5/12)^(Calculations!$B$1*12-Calculations!$A53)) -> 24365128 | AD53: =AC53+AD52 -> 1.9949082e+09 | AE53: =$B53*(1+AE$3/12)^($B$1*12-$A53) -> 8.3436573e+08 | AF53: =AE53+AF52 -> 8.6541278e+10 | AG53: =AE53/((1+'How much will I make'!$C$5/12)^(Calculations!$B$1*12-Calculations!$A53)) -> 1.3901328e+08 | AH53: =AG53+AH52 -> 1.2768805e+10
A54: =A53+1 -> 50 | B54: =B53 -> 607.75313 | C54: =$B54*(1+$C$3/12)^($B$1*12-$A54) -> 3632.6334 | D54: =C54+D53 -> 178906.19 | E54: =$C54/((1+'How much will I make'!$C$5/12)^(Calculations!$B$1*12-Calculations!$A54)) -> 607.75313 | F54: =E54+F53 -> 27076.256 | G54: =$B54*(1+G$3/12)^($B$1*12-$A54) -> 21552.648 | H54: =G54+H53 -> 1177125.7 | I54: =G54/((1+'How much will I make'!$C$5/12)^(Calculations!$B$1*12-Calculations!$A54)) -> 3605.8384 | J54: =I54+J53 -> 177511.52 | K54: =$B54*(1+K$3/12)^($B$1*12-$A54) -> 126937.78 | L54: =K54+L53 -> 7712342.3 | M54: =K54/((1+'How much will I make'!$C$5/12)^(Calculations!$B$1*12-Calculations!$A54)) -> 21237.165 | N54: =M54+N53 -> 1158885.1 | O54: =$B54*(1+O$3/12)^($B$1*12-$A54) -> 742195.97 | P54: =O54+P53 -> 50316982 | Q54: =O54/((1+'How much will I make'!$C$5/12)^(Calculations!$B$1*12-Calculations!$A54)) -> 124172.16 | R54: =Q54+R53 -> 7534169.2 | S54: =$B54*(1+S$3/12)^($B$1*12-$A54) -> 4308335.8 | T54: =S54+T53 -> 3.2688922e+08 | U54: =S54/((1+'How much will I make'!$C$5/12)^(Calculations!$B$1*12-Calculations!$A54)) -> 720800.65 | V54: =U54+V53 -> 48776479 | W54: =$B54*(1+W$3/12)^($B$1*12-$A54) -> 24830720 | X54: =W54+X53 -> 2.1146175e+09 | Y54: =W54/((1+'How much will I make'!$C$5/12)^(Calculations!$B$1*12-Calculations!$A54)) -> 4154272.2 | Z54: =Y54+Z53 -> 3.1445513e+08 | AA54: =$B54*(1+AA$3/12)^($B$1*12-$A54) -> 1.4209643e+08 | AB54: =AA54+AB53 -> 1.3620434e+10 | AC54: =AA54/((1+'How much will I make'!$C$5/12)^(Calculations!$B$1*12-Calculations!$A54)) -> 23773263 | AD54: =AC54+AD53 -> 2.0186815e+09 | AE54: =$B54*(1+AE$3/12)^($B$1*12-$A54) -> 8.0745071e+08 | AF54: =AE54+AF53 -> 8.7348729e+10 | AG54: =AE54/((1+'How much will I make'!$C$5/12)^(Calculations!$B$1*12-Calculations!$A54)) -> 1.3508952e+08 | AH54: =AG54+AH53 -> 1.2903895e+10
A55: =A54+1 -> 51 | B55: =B54 -> 607.75313 | C55: =$B55*(1+$C$3/12)^($B$1*12-$A55) -> 3617.5602 | D55: =C55+D54 -> 182523.75 | E55: =$C55/((1+'How much will I make'!$C$5/12)^(Calculations!$B$1*12-Calculations!$A55)) -> 607.75313 | F55: =E55+F54 -> 27684.009 | G55: =$B55*(1+G$3/12)^($B$1*12-$A55) -> 21374.527 | H55: =G55+H54 -> 1198500.2 | I55: =G55/((1+'How much will I make'!$C$5/12)^(Calculations!$B$1*12-Calculations!$A55)) -> 3590.9383 | J55: =I55+J54 -> 181102.46 | K55: =$B55*(1+K$3/12)^($B$1*12-$A55) -> 125370.65 | L55: =K55+L54 -> 7837712.9 | M55: =K55/((1+'How much will I make'!$C$5/12)^(Calculations!$B$1*12-Calculations!$A55)) -> 21062.373 | N55: =M55+N54 -> 1179947.5 | O55: =$B55*(1+O$3/12)^($B$1*12-$A55) -> 730028.82 | P55: =O55+P54 -> 51047010 | Q55: =O55/((1+'How much will I make'!$C$5/12)^(Calculations!$B$1*12-Calculations!$A55)) -> 122645.45 | R55: =Q55+R54 -> 7656814.6 | S55: =$B55*(1+S$3/12)^($B$1*12-$A55) -> 4220410.5 | T55: =S55+T54 -> 3.3110963e+08 | U55: =S55/((1+'How much will I make'!$C$5/12)^(Calculations!$B$1*12-Calculations!$A55)) -> 709032.48 | V55: =U55+V54 -> 49485511 | W55: =$B55*(1+W$3/12)^($B$1*12-$A55) -> 24225093 | X55: =W55+X54 -> 2.1388426e+09 | Y55: =W55/((1+'How much will I make'!$C$5/12)^(Calculations!$B$1*12-Calculations!$A55)) -> 4069835.8 | Z55: =Y55+Z54 -> 3.1852496e+08 | AA55: =$B55*(1+AA$3/12)^($B$1*12-$A55) -> 1.3806941e+08 | AB55: =AA55+AB54 -> 1.3758504e+10 | AC55: =AA55/((1+'How much will I make'!$C$5/12)^(Calculations!$B$1*12-Calculations!$A55)) -> 23195775 | AD55: =AC55+AD54 -> 2.0418772e+09 | AE55: =$B55*(1+AE$3/12)^($B$1*12-$A55) -> 7.8140391e+08 | AF55: =AE55+AF54 -> 8.8130133e+10 | AG55: =AE55/((1+'How much will I make'!$C$5/12)^(Calculations!$B$1*12-Calculations!$A55)) -> 1.3127651e+08 | AH55: =AG55+AH54 -> 1.3035171e+10
A56: =A55+1 -> 52 | B56: =B55 -> 607.75313 | C56: =$B56*(1+$C$3/12)^($B$1*12-$A56) -> 3602.5496 | D56: =C56+D55 -> 186126.3 | E56: =$C56/((1+'How much will I make'!$C$5/12)^(Calculations!$B$1*12-Calculations!$A56)) -> 607.75313 | F56: =E56+F55 -> 28291.762 | G56: =$B56*(1+G$3/12)^($B$1*12-$A56) -> 21197.878 | H56: =G56+H55 -> 1219698.1 | I56: =G56/((1+'How much will I make'!$C$5/12)^(Calculations!$B$1*12-Calculations!$A56)) -> 3576.0997 | J56: =I56+J55 -> 184678.56 | K56: =$B56*(1+K$3/12)^($B$1*12-$A56) -> 123822.86 | L56: =K56+L55 -> 7961535.8 | M56: =K56/((1+'How much will I make'!$C$5/12)^(Calculations!$B$1*12-Calculations!$A56)) -> 20889.021 | N56: =M56+N55 -> 1200836.5 | O56: =$B56*(1+O$3/12)^($B$1*12-$A56) -> 718061.13 | P56: =O56+P55 -> 51765071 | Q56: =O56/((1+'How much will I make'!$C$5/12)^(Calculations!$B$1*12-Calculations!$A56)) -> 121137.51 | R56: =Q56+R55 -> 7777952.1 | S56: =$B56*(1+S$3/12)^($B$1*12-$A56) -> 4134279.7 | T56: =S56+T55 -> 3.3524391e+08 | U56: =S56/((1+'How much will I make'!$C$5/12)^(Calculations!$B$1*12-Calculations!$A56)) -> 697456.44 | V56: =U56+V55 -> 50182968 | W56: =$B56*(1+W$3/12)^($B$1*12-$A56) -> 23634237 | X56: =W56+X55 -> 2.1624768e+09 | Y56: =W56/((1+'How much will I make'!$C$5/12)^(Calculations!$B$1*12-Calculations!$A56)) -> 3987115.5 | Z56: =Y56+Z55 -> 3.2251208e+08 | AA56: =$B56*(1+AA$3/12)^($B$1*12-$A56) -> 1.3415651e+08 | AB56: =AA56+AB55 -> 1.389266e+10 | AC56: =AA56/((1+'How much will I make'!$C$5/12)^(Calculations!$B$1*12-Calculations!$A56)) -> 22632315 | AD56: =AC56+AD55 -> 2.0645096e+09 | AE56: =$B56*(1+AE$3/12)^($B$1*12-$A56) -> 7.5619733e+08 | AF56: =AE56+AF55 -> 8.888633e+10 | AG56: =AE56/((1+'How much will I make'!$C$5/12)^(Calculations!$B$1*12-Calculations!$A56)) -> 1.2757112e+08 | AH56: =AG56+AH55 -> 1.3162742e+10
A57: =A56+1 -> 53 | B57: =B56 -> 607.75313 | C57: =$B57*(1+$C$3/12)^($B$1*12-$A57) -> 3587.6013 | D57: =C57+D56 -> 189713.91 | E57: =$C57/((1+'How much will I make'!$C$5/12)^(Calculations!$B$1*12-Calculations!$A57)) -> 607.75313 | F57: =E57+F56 -> 28899.516 | G57: =$B57*(1+G$3/12)^($B$1*12-$A57) -> 21022.689 | H57: =G57+H56 -> 1240720.8 | I57: =G57/((1+'How much will I make'!$C$5/12)^(Calculations!$B$1*12-Calculations!$A57)) -> 3561.3224 | J57: =I57+J56 -> 188239.88 | K57: =$B57*(1+K$3/12)^($B$1*12-$A57) -> 122294.19 | L57: =K57+L56 -> 8083830 | M57: =K57/((1+'How much will I make'!$C$5/12)^(Calculations!$B$1*12-Calculations!$A57)) -> 20717.095 | N57: =M57+N56 -> 1221553.6 | O57: =$B57*(1+O$3/12)^($B$1*12-$A57) -> 706289.64 | P57: =O57+P56 -> 52471361 | Q57: =O57/((1+'How much will I make'!$C$5/12)^(Calculations!$B$1*12-Calculations!$A57)) -> 119648.12 | R57: =Q57+R56 -> 7897600.2 | S57: =$B57*(1+S$3/12)^($B$1*12-$A57) -> 4049906.7 | T57: =S57+T56 -> 3.3929381e+08 | U57: =S57/((1+'How much will I make'!$C$5/12)^(Calculations!$B$1*12-Calculations!$A57)) -> 686069.39 | V57: =U57+V56 -> 50869037 | W57: =$B57*(1+W$3/12)^($B$1*12-$A57) -> 23057792 | X57: =W57+X56 -> 2.1855346e+09 | Y57: =W57/((1+'How much will I make'!$C$5/12)^(Calculations!$B$1*12-Calculations!$A57)) -> 3906076.6 | Z57: =Y57+Z56 -> 3.2641815e+08 | AA57: =$B57*(1+AA$3/12)^($B$1*12-$A57) -> 1.303545e+08 | AB57: =AA57+AB56 -> 1.4023015e+10 | AC57: =AA57/((1+'How much will I make'!$C$5/12)^(Calculations!$B$1*12-Calculations!$A57)) -> 22082542 | AD57: =AC57+AD56 -> 2.0865921e+09 | AE57: =$B57*(1+AE$3/12)^($B$1*12-$A57) -> 7.3180387e+08 | AF57: =AE57+AF56 -> 8.9618134e+10 | AG57: =AE57/((1+'How much will I make'!$C$5/12)^(Calculations!$B$1*12-Calculations!$A57)) -> 1.2397032e+08 | AH57: =AG57+AH56 -> 1.3286713e+10
A58: =A57+1 -> 54 | B58: =B57 -> 607.75313 | C58: =$B58*(1+$C$3/12)^($B$1*12-$A58) -> 3572.715 | D58: =C58+D57 -> 193286.62 | E58: =$C58/((1+'How much will I make'!$C$5/12)^(Calculations!$B$1*12-Calculations!$A58)) -> 607.75313 | F58: =E58+F57 -> 29507.269 | G58: =$B58*(1+G$3/12)^($B$1*12-$A58) -> 20848.948 | H58: =G58+H57 -> 1261569.8 | I58: =G58/((1+'How much will I make'!$C$5/12)^(Calculations!$B$1*12-Calculations!$A58)) -> 3546.6062 | J58: =I58+J57 -> 191786.49 | K58: =$B58*(1+K$3/12)^($B$1*12-$A58) -> 120784.38 | L58: =K58+L57 -> 8204614.4 | M58: =K58/((1+'How much will I make'!$C$5/12)^(Calculations!$B$1*12-Calculations!$A58)) -> 20546.583 | N58: =M58+N57 -> 1242100.2 | O58: =$B58*(1+O$3/12)^($B$1*12-$A58) -> 694711.12 | P58: =O58+P57 -> 53166072 | Q58: =O58/((1+'How much will I make'!$C$5/12)^(Calculations!$B$1*12-Calculations!$A58)) -> 118177.03 | R58: =Q58+R57 -> 8015777.3 | S58: =$B58*(1+S$3/12)^($B$1*12-$A58) -> 3967255.5 | T58: =S58+T57 -> 3.4326107e+08 | U58: =S58/((1+'How much will I make'!$C$5/12)^(Calculations!$B$1*12-Calculations!$A58)) -> 674868.26 | V58: =U58+V57 -> 51543905 | W58: =$B58*(1+W$3/12)^($B$1*12-$A58) -> 22495407 | X58: =W58+X57 -> 2.20803e+09 | Y58: =W58/((1+'How much will I make'!$C$5/12)^(Calculations!$B$1*12-Calculations!$A58)) -> 3826684.8 | Z58: =Y58+Z57 -> 3.3024484e+08 | AA58: =$B58*(1+AA$3/12)^($B$1*12-$A58) -> 1.2666024e+08 | AB58: =AA58+AB57 -> 1.4149675e+10 | AC58: =AA58/((1+'How much will I make'!$C$5/12)^(Calculations!$B$1*12-Calculations!$A58)) -> 21546124 | AD58: =AC58+AD57 -> 2.1081382e+09 | AE58: =$B58*(1+AE$3/12)^($B$1*12-$A58) -> 7.0819729e+08 | AF58: =AE58+AF57 -> 9.0326331e+10 | AG58: =AE58/((1+'How much will I make'!$C$5/12)^(Calculations!$B$1*12-Calculations!$A58)) -> 1.2047116e+08 | AH58: =AG58+AH57 -> 1.3407184e+10
A59: =A58+1 -> 55 | B59: =B58 -> 607.75313 | C59: =$B59*(1+$C$3/12)^($B$1*12-$A59) -> 3557.8904 | D59: =C59+D58 -> 196844.51 | E59: =$C59/((1+'How much will I make'!$C$5/12)^(Calculations!$B$1*12-Calculations!$A59)) -> 607.75313 | F59: =E59+F58 -> 30115.022 | G59: =$B59*(1+G$3/12)^($B$1*12-$A59) -> 20676.642 | H59: =G59+H58 -> 1282246.4 | I59: =G59/((1+'How much will I make'!$C$5/12)^(Calculations!$B$1*12-Calculations!$A59)) -> 3531.9508 | J59: =I59+J58 -> 195318.44 | K59: =$B59*(1+K$3/12)^($B$1*12-$A59) -> 119293.22 | L59: =K59+L58 -> 8323907.6 | M59: =K59/((1+'How much will I make'!$C$5/12)^(Calculations!$B$1*12-Calculations!$A59)) -> 20377.476 | N59: =M59+N58 -> 1262477.6 | O59: =$B59*(1+O$3/12)^($B$1*12-$A59) -> 683322.42 | P59: =O59+P58 -> 53849395 | Q59: =O59/((1+'How much will I make'!$C$5/12)^(Calculations!$B$1*12-Calculations!$A59)) -> 116724.04 | R59: =Q59+R58 -> 8132501.3 | S59: =$B59*(1+S$3/12)^($B$1*12-$A59) -> 3886291.1 | T59: =S59+T58 -> 3.4714736e+08 | U59: =S59/((1+'How much will I make'!$C$5/12)^(Calculations!$B$1*12-Calculations!$A59)) -> 663850 | V59: =U59+V58 -> 52207755 | W59: =$B59*(1+W$3/12)^($B$1*12-$A59) -> 21946739 | X59: =W59+X58 -> 2.2299768e+09 | Y59: =W59/((1+'How much will I make'!$C$5/12)^(Calculations!$B$1*12-Calculations!$A59)) -> 3748906.6 | Z59: =Y59+Z58 -> 3.3399374e+08 | AA59: =$B59*(1+AA$3/12)^($B$1*12-$A59) -> 1.2307068e+08 | AB59: =AA59+AB58 -> 1.4272746e+10 | AC59: =AA59/((1+'How much will I make'!$C$5/12)^(Calculations!$B$1*12-Calculations!$A59)) -> 21022736 | AD59: =AC59+AD58 -> 2.129161e+09 | AE59: =$B59*(1+AE$3/12)^($B$1*12-$A59) -> 6.8535222e+08 | AF59: =AE59+AF58 -> 9.1011683e+10 | AG59: =AE59/((1+'How much will I make'!$C$5/12)^(Calculations!$B$1*12-Calculations!$A59)) -> 1.1707077e+08 | AH59: =AG59+AH58 -> 1.3524255e+10
A60: =A59+1 -> 56 | B60: =B59 -> 607.75313 | C60: =$B60*(1+$C$3/12)^($B$1*12-$A60) -> 3543.1274 | D60: =C60+D59 -> 200387.64 | E60: =$C60/((1+'How much will I make'!$C$5/12)^(Calculations!$B$1*12-Calculations!$A60)) -> 607.75313 | F60: =E60+F59 -> 30722.775 | G60: =$B60*(1+G$3/12)^($B$1*12-$A60) -> 20505.761 | H60: =G60+H59 -> 1302752.2 | I60: =G60/((1+'How much will I make'!$C$5/12)^(Calculations!$B$1*12-Calculations!$A60)) -> 3517.356 | J60: =I60+J59 -> 198835.79 | K60: =$B60*(1+K$3/12)^($B$1*12-$A60) -> 117820.46 | L60: =K60+L59 -> 8441728.1 | M60: =K60/((1+'How much will I make'!$C$5/12)^(Calculations!$B$1*12-Calculations!$A60)) -> 20209.76 | N60: =M60+N59 -> 1282687.4 | O60: =$B60*(1+O$3/12)^($B$1*12-$A60) -> 672120.41 | P60: =O60+P59 -> 54521515 | Q60: =O60/((1+'How much will I make'!$C$5/12)^(Calculations!$B$1*12-Calculations!$A60)) -> 115288.91 | R60: =Q60+R59 -> 8247790.2 | S60: =$B60*(1+S$3/12)^($B$1*12-$A60) -> 3806979 | T60: =S60+T59 -> 3.5095434e+08 | U60: =S60/((1+'How much will I make'!$C$5/12)^(Calculations!$B$1*12-Calculations!$A60)) -> 653011.64 | V60: =U60+V59 -> 52860767 | W60: =$B60*(1+W$3/12)^($B$1*12-$A60) -> 21411452 | X60: =W60+X59 -> 2.2513882e+09 | Y60: =W60/((1+'How much will I make'!$C$5/12)^(Calculations!$B$1*12-Calculations!$A60)) -> 3672709.4 | Z60: =Y60+Z59 -> 3.3766645e+08 | AA60: =$B60*(1+AA$3/12)^($B$1*12-$A60) -> 1.1958285e+08 | AB60: =AA60+AB59 -> 1.4392329e+10 | AC60: =AA60/((1+'How much will I make'!$C$5/12)^(Calculations!$B$1*12-Calculations!$A60)) -> 20512062 | AD60: =AC60+AD59 -> 2.149673e+09 | AE60: =$B60*(1+AE$3/12)^($B$1*12-$A60) -> 6.6324408e+08 | AF60: =AE60+AF59 -> 9.1674928e+10 | AG60: =AE60/((1+'How much will I make'!$C$5/12)^(Calculations!$B$1*12-Calculations!$A60)) -> 1.1376635e+08 | AH60: =AG60+AH59 -> 1.3638021e+10
A61: =A60+1 -> 57 | B61: =B60 -> 607.75313 | C61: =$B61*(1+$C$3/12)^($B$1*12-$A61) -> 3528.4256 | D61: =C61+D60 -> 203916.06 | E61: =$C61/((1+'How much will I make'!$C$5/12)^(Calculations!$B$1*12-Calculations!$A61)) -> 607.75313 | F61: =E61+F60 -> 31330.528 | G61: =$B61*(1+G$3/12)^($B$1*12-$A61) -> 20336.292 | H61: =G61+H60 -> 1323088.5 | I61: =G61/((1+'How much will I make'!$C$5/12)^(Calculations!$B$1*12-Calculations!$A61)) -> 3502.8215 | J61: =I61+J60 -> 202338.61 | K61: =$B61*(1+K$3/12)^($B$1*12-$A61) -> 116365.89 | L61: =K61+L60 -> 8558094 | M61: =K61/((1+'How much will I make'!$C$5/12)^(Calculations!$B$1*12-Calculations!$A61)) -> 20043.424 | N61: =M61+N60 -> 1302730.8 | O61: =$B61*(1+O$3/12)^($B$1*12-$A61) -> 661102.04 | P61: =O61+P60 -> 55182617 | Q61: =O61/((1+'How much will I make'!$C$5/12)^(Calculations!$B$1*12-Calculations!$A61)) -> 113871.42 | R61: =Q61+R60 -> 8361661.6 | S61: =$B61*(1+S$3/12)^($B$1*12-$A61) -> 3729285.6 | T61: =S61+T60 -> 3.5468362e+08 | U61: =S61/((1+'How much will I make'!$C$5/12)^(Calculations!$B$1*12-Calculations!$A61)) -> 642350.22 | V61: =U61+V60 -> 53503117 | W61: =$B61*(1+W$3/12)^($B$1*12-$A61) -> 20889222 | X61: =W61+X60 -> 2.2722774e+09 | Y61: =W61/((1+'How much will I make'!$C$5/12)^(Calculations!$B$1*12-Calculations!$A61)) -> 3598060.8 | Z61: =Y61+Z60 -> 3.4126451e+08 | AA61: =$B61*(1+AA$3/12)^($B$1*12-$A61) -> 1.1619386e+08 | AB61: =AA61+AB60 -> 1.4508523e+10 | AC61: =AA61/((1+'How much will I make'!$C$5/12)^(Calculations!$B$1*12-Calculations!$A61)) -> 20013794 | AD61: =AC61+AD60 -> 2.1696868e+09 | AE61: =$B61*(1+AE$3/12)^($B$1*12-$A61) -> 6.4184911e+08 | AF61: =AE61+AF60 -> 9.2316777e+10 | AG61: =AE61/((1+'How much will I make'!$C$5/12)^(Calculations!$B$1*12-Calculations!$A61)) -> 1.105552e+08 | AH61: =AG61+AH60 -> 1.3748576e+10
A62: =A61+1 -> 58 | B62: =B61 -> 607.75313 | C62: =$B62*(1+$C$3/12)^($B$1*12-$A62) -> 3513.7848 | D62: =C62+D61 -> 207429.85 | E62: =$C62/((1+'How much will I make'!$C$5/12)^(Calculations!$B$1*12-Calculations!$A62)) -> 607.75313 | F62: =E62+F61 -> 31938.281 | G62: =$B62*(1+G$3/12)^($B$1*12-$A62) -> 20168.223 | H62: =G62+H61 -> 1343256.7 | I62: =G62/((1+'How much will I make'!$C$5/12)^(Calculations!$B$1*12-Calculations!$A62)) -> 3488.347 | J62: =I62+J61 -> 205826.96 | K62: =$B62*(1+K$3/12)^($B$1*12-$A62) -> 114929.27 | L62: =K62+L61 -> 8673023.2 | M62: =K62/((1+'How much will I make'!$C$5/12)^(Calculations!$B$1*12-Calculations!$A62)) -> 19878.458 | N62: =M62+N61 -> 1322609.3 | O62: =$B62*(1+O$3/12)^($B$1*12-$A62) -> 650264.3 | P62: =O62+P61 -> 55832881 | Q62: =O62/((1+'How much will I make'!$C$5/12)^(Calculations!$B$1*12-Calculations!$A62)) -> 112471.36 | R62: =Q62+R61 -> 8474133 | S62: =$B62*(1+S$3/12)^($B$1*12-$A62) -> 3653177.7 | T62: =S62+T61 -> 3.583368e+08 | U62: =S62/((1+'How much will I make'!$C$5/12)^(Calculations!$B$1*12-Calculations!$A62)) -> 631862.87 | V62: =U62+V61 -> 54134980 | W62: =$B62*(1+W$3/12)^($B$1*12-$A62) -> 20379729 | X62: =W62+X61 -> 2.2926572e+09 | Y62: =W62/((1+'How much will I make'!$C$5/12)^(Calculations!$B$1*12-Calculations!$A62)) -> 3524929.5 | Z62: =Y62+Z61 -> 3.4478944e+08 | AA62: =$B62*(1+AA$3/12)^($B$1*12-$A62) -> 1.1290092e+08 | AB62: =AA62+AB61 -> 1.4621423e+10 | AC62: =AA62/((1+'How much will I make'!$C$5/12)^(Calculations!$B$1*12-Calculations!$A62)) -> 19527629 | AD62: =AC62+AD61 -> 2.1892144e+09 | AE62: =$B62*(1+AE$3/12)^($B$1*12-$A62) -> 6.211443e+08 | AF62: =AE62+AF61 -> 9.2937921e+10 | AG62: =AE62/((1+'How much will I make'!$C$5/12)^(Calculations!$B$1*12-Calculations!$A62)) -> 1.0743469e+08 | AH62: =AG62+AH61 -> 1.3856011e+10
A63: =A62+1 -> 59 | B63: =B62 -> 607.75313 | C63: =$B63*(1+$C$3/12)^($B$1*12-$A63) -> 3499.2048 | D63: =C63+D62 -> 210929.05 | E63: =$C63/((1+'How much will I make'!$C$5/12)^(Calculations!$B$1*12-Calculations!$A63)) -> 607.75313 | F63: =E63+F62 -> 32546.034 | G63: =$B63*(1+G$3/12)^($B$1*12-$A63) -> 20001.544 | H63: =G63+H62 -> 1363258.2 | I63: =G63/((1+'How much will I make'!$C$5/12)^(Calculations!$B$1*12-Calculations!$A63)) -> 3473.9323 | J63: =I63+J62 -> 209300.89 | K63: =$B63*(1+K$3/12)^($B$1*12-$A63) -> 113510.39 | L63: =K63+L62 -> 8786533.6 | M63: =K63/((1+'How much will I make'!$C$5/12)^(Calculations!$B$1*12-Calculations!$A63)) -> 19714.849 | N63: =M63+N62 -> 1342324.1 | O63: =$B63*(1+O$3/12)^($B$1*12-$A63) -> 639604.23 | P63: =O63+P62 -> 56472486 | Q63: =O63/((1+'How much will I make'!$C$5/12)^(Calculations!$B$1*12-Calculations!$A63)) -> 111088.52 | R63: =Q63+R62 -> 8585221.5 | S63: =$B63*(1+S$3/12)^($B$1*12-$A63) -> 3578623.1 | T63: =S63+T62 -> 3.6191543e+08 | U63: =S63/((1+'How much will I make'!$C$5/12)^(Calculations!$B$1*12-Calculations!$A63)) -> 621546.74 | V63: =U63+V62 -> 54756527 | W63: =$B63*(1+W$3/12)^($B$1*12-$A63) -> 19882662 | X63: =W63+X62 -> 2.3125398e+09 | Y63: =W63/((1+'How much will I make'!$C$5/12)^(Calculations!$B$1*12-Calculations!$A63)) -> 3453284.6 | Z63: =Y63+Z62 -> 3.4824273e+08 | AA63: =$B63*(1+AA$3/12)^($B$1*12-$A63) -> 1.097013e+08 | AB63: =AA63+AB62 -> 1.4731125e+10 | AC63: =AA63/((1+'How much will I make'!$C$5/12)^(Calculations!$B$1*12-Calculations!$A63)) -> 19053273 | AD63: =AC63+AD62 -> 2.2082677e+09 | AE63: =$B63*(1+AE$3/12)^($B$1*12-$A63) -> 6.0110739e+08 | AF63: =AE63+AF62 -> 9.3539028e+10 | AG63: =AE63/((1+'How much will I make'!$C$5/12)^(Calculations!$B$1*12-Calculations!$A63)) -> 1.0440226e+08 | AH63: =AG63+AH62 -> 1.3960413e+10
A64: =A63+1 -> 60 | B64: =B63 -> 607.75313 | C64: =$B64*(1+$C$3/12)^($B$1*12-$A64) -> 3484.6853 | D64: =C64+D63 -> 214413.74 | E64: =$C64/((1+'How much will I make'!$C$5/12)^(Calculations!$B$1*12-Calculations!$A64)) -> 607.75313 | F64: =E64+F63 -> 33153.787 | G64: =$B64*(1+G$3/12)^($B$1*12-$A64) -> 19836.242 | H64: =G64+H63 -> 1383094.5 | I64: =G64/((1+'How much will I make'!$C$5/12)^(Calculations!$B$1*12-Calculations!$A64)) -> 3459.5772 | J64: =I64+J63 -> 212760.47 | K64: =$B64*(1+K$3/12)^($B$1*12-$A64) -> 112109.03 | L64: =K64+L63 -> 8898642.6 | M64: =K64/((1+'How much will I make'!$C$5/12)^(Calculations!$B$1*12-Calculations!$A64)) -> 19552.587 | N64: =M64+N63 -> 1361876.7 | O64: =$B64*(1+O$3/12)^($B$1*12-$A64) -> 629118.92 | P64: =O64+P63 -> 57101605 | Q64: =O64/((1+'How much will I make'!$C$5/12)^(Calculations!$B$1*12-Calculations!$A64)) -> 109722.67 | R64: =Q64+R63 -> 8694944.2 | S64: =$B64*(1+S$3/12)^($B$1*12-$A64) -> 3505589.9 | T64: =S64+T63 -> 3.6542102e+08 | U64: =S64/((1+'How much will I make'!$C$5/12)^(Calculations!$B$1*12-Calculations!$A64)) -> 611399.04 | V64: =U64+V63 -> 55367926 | W64: =$B64*(1+W$3/12)^($B$1*12-$A64) -> 19397719 | X64: =W64+X63 -> 2.3319376e+09 | Y64: =W64/((1+'How much will I make'!$C$5/12)^(Calculations!$B$1*12-Calculations!$A64)) -> 3383095.9 | Z64: =Y64+Z63 -> 3.5162582e+08 | AA64: =$B64*(1+AA$3/12)^($B$1*12-$A64) -> 1.0659235e+08 | AB64: =AA64+AB63 -> 1.4837717e+10 | AC64: =AA64/((1+'How much will I make'!$C$5/12)^(Calculations!$B$1*12-Calculations!$A64)) -> 18590441 | AD64: =AC64+AD63 -> 2.2268582e+09 | AE64: =$B64*(1+AE$3/12)^($B$1*12-$A64) -> 5.8171683e+08 | AF64: =AE64+AF63 -> 9.4120745e+10 | AG64: =AE64/((1+'How much will I make'!$C$5/12)^(Calculations!$B$1*12-Calculations!$A64)) -> 1.0145542e+08 | AH64: =AG64+AH63 -> 1.4061869e+10
A65: =A64+1 -> 61 | B65: =B64*(1+'How much will I make'!$C$4) -> 638.14078 | C65: =$B65*(1+$C$3/12)^($B$1*12-$A65) -> 3643.7373 | D65: =C65+D64 -> 218057.48 | E65: =$C65/((1+'How much will I make'!$C$5/12)^(Calculations!$B$1*12-Calculations!$A65)) -> 638.14078 | F65: =E65+F64 -> 33791.928 | G65: =$B65*(1+G$3/12)^($B$1*12-$A65) -> 20655.921 | H65: =G65+H64 -> 1403750.4 | I65: =G65/((1+'How much will I make'!$C$5/12)^(Calculations!$B$1*12-Calculations!$A65)) -> 3617.5455 | J65: =I65+J64 -> 216378.02 | K65: =$B65*(1+K$3/12)^($B$1*12-$A65) -> 116261.22 | L65: =K65+L64 -> 9014903.9 | M65: =K65/((1+'How much will I make'!$C$5/12)^(Calculations!$B$1*12-Calculations!$A65)) -> 20361.244 | N65: =M65+N64 -> 1382238 | O65: =$B65*(1+O$3/12)^($B$1*12-$A65) -> 649745.77 | P65: =O65+P64 -> 57751350 | Q65: =O65/((1+'How much will I make'!$C$5/12)^(Calculations!$B$1*12-Calculations!$A65)) -> 113792.31 | R65: =Q65+R64 -> 8808736.5 | S65: =$B65*(1+S$3/12)^($B$1*12-$A65) -> 3605749.7 | T65: =S65+T64 -> 3.6902676e+08 | U65: =S65/((1+'How much will I make'!$C$5/12)^(Calculations!$B$1*12-Calculations!$A65)) -> 631487.87 | V65: =U65+V64 -> 55999414 | W65: =$B65*(1+W$3/12)^($B$1*12-$A65) -> 19870834 | X65: =W65+X64 -> 2.3518084e+09 | Y65: =W65/((1+'How much will I make'!$C$5/12)^(Calculations!$B$1*12-Calculations!$A65)) -> 3480050.4 | Z65: =Y65+Z64 -> 3.5510588e+08 | AA65: =$B65*(1+AA$3/12)^($B$1*12-$A65) -> 1.0875009e+08 | AB65: =AA65+AB64 -> 1.4946467e+10 | AC65: =AA65/((1+'How much will I make'!$C$5/12)^(Calculations!$B$1*12-Calculations!$A65)) -> 19045794 | AD65: =AC65+AD64 -> 2.245904e+09 | AE65: =$B65*(1+AE$3/12)^($B$1*12-$A65) -> 5.9109936e+08 | AF65: =AE65+AF64 -> 9.4711845e+10 | AG65: =AE65/((1+'How much will I make'!$C$5/12)^(Calculations!$B$1*12-Calculations!$A65)) -> 1.0352135e+08 | AH65: =AG65+AH64 -> 1.416539e+10
A66: =A65+1 -> 62 | B66: =B65 -> 638.14078 | C66: =$B66*(1+$C$3/12)^($B$1*12-$A66) -> 3628.6181 | D66: =C66+D65 -> 221686.09 | E66: =$C66/((1+'How much will I make'!$C$5/12)^(Calculations!$B$1*12-Calculations!$A66)) -> 638.14078 | F66: =E66+F65 -> 34430.069 | G66: =$B66*(1+G$3/12)^($B$1*12-$A66) -> 20485.211 | H66: =G66+H65 -> 1424235.6 | I66: =G66/((1+'How much will I make'!$C$5/12)^(Calculations!$B$1*12-Calculations!$A66)) -> 3602.597 | J66: =I66+J65 -> 219980.61 | K66: =$B66*(1+K$3/12)^($B$1*12-$A66) -> 114825.89 | L66: =K66+L65 -> 9129729.8 | M66: =K66/((1+'How much will I make'!$C$5/12)^(Calculations!$B$1*12-Calculations!$A66)) -> 20193.661 | N66: =M66+N65 -> 1402431.6 | O66: =$B66*(1+O$3/12)^($B$1*12-$A66) -> 639094.2 | P66: =O66+P65 -> 58390445 | Q66: =O66/((1+'How much will I make'!$C$5/12)^(Calculations!$B$1*12-Calculations!$A66)) -> 112393.22 | R66: =Q66+R65 -> 8921129.7 | S66: =$B66*(1+S$3/12)^($B$1*12-$A66) -> 3532162.9 | T66: =S66+T65 -> 3.7255893e+08 | U66: =S66/((1+'How much will I make'!$C$5/12)^(Calculations!$B$1*12-Calculations!$A66)) -> 621177.86 | V66: =U66+V65 -> 56620592 | W66: =$B66*(1+W$3/12)^($B$1*12-$A66) -> 19386180 | X66: =W66+X65 -> 2.3711946e+09 | Y66: =W66/((1+'How much will I make'!$C$5/12)^(Calculations!$B$1*12-Calculations!$A66)) -> 3409317.7 | Z66: =Y66+Z65 -> 3.5851519e+08 | AA66: =$B66*(1+AA$3/12)^($B$1*12-$A66) -> 1.0566811e+08 | AB66: =AA66+AB65 -> 1.5052135e+10 | AC66: =AA66/((1+'How much will I make'!$C$5/12)^(Calculations!$B$1*12-Calculations!$A66)) -> 18583143 | AD66: =AC66+AD65 -> 2.2644871e+09 | AE66: =$B66*(1+AE$3/12)^($B$1*12-$A66) -> 5.7203164e+08 | AF66: =AE66+AF65 -> 9.5283876e+10 | AG66: =AE66/((1+'How much will I make'!$C$5/12)^(Calculations!$B$1*12-Calculations!$A66)) -> 1.0059938e+08 | AH66: =AG66+AH65 -> 1.4265989e+10
A67: =A66+1 -> 63 | B67: =B66 -> 638.14078 | C67: =$B67*(1+$C$3/12)^($B$1*12-$A67) -> 3613.5616 | D67: =C67+D66 -> 225299.66 | E67: =$C67/((1+'How much will I make'!$C$5/12)^(Calculations!$B$1*12-Calculations!$A67)) -> 638.14078 | F67: =E67+F66 -> 35068.21 | G67: =$B67*(1+G$3/12)^($B$1*12-$A67) -> 20315.912 | H67: =G67+H66 -> 1444551.5 | I67: =G67/((1+'How much will I make'!$C$5/12)^(Calculations!$B$1*12-Calculations!$A67)) -> 3587.7102 | J67: =I67+J66 -> 223568.32 | K67: =$B67*(1+K$3/12)^($B$1*12-$A67) -> 113408.29 | L67: =K67+L66 -> 9243138 | M67: =K67/((1+'How much will I make'!$C$5/12)^(Calculations!$B$1*12-Calculations!$A67)) -> 20027.458 | N67: =M67+N66 -> 1422459.1 | O67: =$B67*(1+O$3/12)^($B$1*12-$A67) -> 628617.24 | P67: =O67+P66 -> 59019062 | Q67: =O67/((1+'How much will I make'!$C$5/12)^(Calculations!$B$1*12-Calculations!$A67)) -> 111011.34 | R67: =Q67+R66 -> 9032141.1 | S67: =$B67*(1+S$3/12)^($B$1*12-$A67) -> 3460078 | T67: =S67+T66 -> 3.7601901e+08 | U67: =S67/((1+'How much will I make'!$C$5/12)^(Calculations!$B$1*12-Calculations!$A67)) -> 611036.18 | V67: =U67+V66 -> 57231628 | W67: =$B67*(1+W$3/12)^($B$1*12-$A67) -> 18913346 | X67: =W67+X66 -> 2.3901079e+09 | Y67: =W67/((1+'How much will I make'!$C$5/12)^(Calculations!$B$1*12-Calculations!$A67)) -> 3340022.6 | Z67: =Y67+Z66 -> 3.6185522e+08 | AA67: =$B67*(1+AA$3/12)^($B$1*12-$A67) -> 1.0267346e+08 | AB67: =AA67+AB66 -> 1.5154809e+10 | AC67: =AA67/((1+'How much will I make'!$C$5/12)^(Calculations!$B$1*12-Calculations!$A67)) -> 18131730 | AD67: =AC67+AD66 -> 2.2826188e+09 | AE67: =$B67*(1+AE$3/12)^($B$1*12-$A67) -> 5.53579e+08 | AF67: =AE67+AF66 -> 9.5837455e+10 | AG67: =AE67/((1+'How much will I make'!$C$5/12)^(Calculations!$B$1*12-Calculations!$A67)) -> 97759878 | AH67: =AG67+AH66 -> 1.4363749e+10
A68: =A67+1 -> 64 | B68: =B67 -> 638.14078 | C68: =$B68*(1+$C$3/12)^($B$1*12-$A68) -> 3598.5675 | D68: =C68+D67 -> 228898.22 | E68: =$C68/((1+'How much will I make'!$C$5/12)^(Calculations!$B$1*12-Calculations!$A68)) -> 638.14078 | F68: =E68+F67 -> 35706.351 | G68: =$B68*(1+G$3/12)^($B$1*12-$A68) -> 20148.012 | H68: =G68+H67 -> 1464699.5 | I68: =G68/((1+'How much will I make'!$C$5/12)^(Calculations!$B$1*12-Calculations!$A68)) -> 3572.885 | J68: =I68+J67 -> 227141.21 | K68: =$B68*(1+K$3/12)^($B$1*12-$A68) -> 112008.19 | L68: =K68+L67 -> 9355146.2 | M68: =K68/((1+'How much will I make'!$C$5/12)^(Calculations!$B$1*12-Calculations!$A68)) -> 19862.623 | N68: =M68+N67 -> 1442321.7 | O68: =$B68*(1+O$3/12)^($B$1*12-$A68) -> 618312.04 | P68: =O68+P67 -> 59637374 | Q68: =O68/((1+'How much will I make'!$C$5/12)^(Calculations!$B$1*12-Calculations!$A68)) -> 109646.44 | R68: =Q68+R67 -> 9141787.5 | S68: =$B68*(1+S$3/12)^($B$1*12-$A68) -> 3389464.1 | T68: =S68+T67 -> 3.7940847e+08 | U68: =S68/((1+'How much will I make'!$C$5/12)^(Calculations!$B$1*12-Calculations!$A68)) -> 601060.08 | V68: =U68+V67 -> 57832688 | W68: =$B68*(1+W$3/12)^($B$1*12-$A68) -> 18452045 | X68: =W68+X67 -> 2.40856e+09 | Y68: =W68/((1+'How much will I make'!$C$5/12)^(Calculations!$B$1*12-Calculations!$A68)) -> 3272136 | Z68: =Y68+Z67 -> 3.6512735e+08 | AA68: =$B68*(1+AA$3/12)^($B$1*12-$A68) -> 99763690 | AB68: =AA68+AB67 -> 1.5254572e+10 | AC68: =AA68/((1+'How much will I make'!$C$5/12)^(Calculations!$B$1*12-Calculations!$A68)) -> 17691284 | AD68: =AC68+AD67 -> 2.3003101e+09 | AE68: =$B68*(1+AE$3/12)^($B$1*12-$A68) -> 5.3572162e+08 | AF68: =AE68+AF67 -> 9.6373177e+10 | AG68: =AE68/((1+'How much will I make'!$C$5/12)^(Calculations!$B$1*12-Calculations!$A68)) -> 95000527 | AH68: =AG68+AH67 -> 1.445875e+10
A69: =A68+1 -> 65 | B69: =B68 -> 638.14078 | C69: =$B69*(1+$C$3/12)^($B$1*12-$A69) -> 3583.6357 | D69: =C69+D68 -> 232481.86 | E69: =$C69/((1+'How much will I make'!$C$5/12)^(Calculations!$B$1*12-Calculations!$A69)) -> 638.14078 | F69: =E69+F68 -> 36344.491 | G69: =$B69*(1+G$3/12)^($B$1*12-$A69) -> 19981.499 | H69: =G69+H68 -> 1484681 | I69: =G69/((1+'How much will I make'!$C$5/12)^(Calculations!$B$1*12-Calculations!$A69)) -> 3558.121 | J69: =I69+J68 -> 230699.33 | K69: =$B69*(1+K$3/12)^($B$1*12-$A69) -> 110625.37 | L69: =K69+L68 -> 9465771.6 | M69: =K69/((1+'How much will I make'!$C$5/12)^(Calculations!$B$1*12-Calculations!$A69)) -> 19699.145 | N69: =M69+N68 -> 1462020.9 | O69: =$B69*(1+O$3/12)^($B$1*12-$A69) -> 608175.78 | P69: =O69+P68 -> 60245550 | Q69: =O69/((1+'How much will I make'!$C$5/12)^(Calculations!$B$1*12-Calculations!$A69)) -> 108298.33 | R69: =Q69+R68 -> 9250085.8 | S69: =$B69*(1+S$3/12)^($B$1*12-$A69) -> 3320291.4 | T69: =S69+T68 -> 3.8272876e+08 | U69: =S69/((1+'How much will I make'!$C$5/12)^(Calculations!$B$1*12-Calculations!$A69)) -> 591246.85 | V69: =U69+V68 -> 58423935 | W69: =$B69*(1+W$3/12)^($B$1*12-$A69) -> 18001995 | X69: =W69+X68 -> 2.426562e+09 | Y69: =W69/((1+'How much will I make'!$C$5/12)^(Calculations!$B$1*12-Calculations!$A69)) -> 3205629.2 | Z69: =Y69+Z68 -> 3.6833298e+08 | AA69: =$B69*(1+AA$3/12)^($B$1*12-$A69) -> 96936379 | AB69: =AA69+AB68 -> 1.5351509e+10 | AC69: =AA69/((1+'How much will I make'!$C$5/12)^(Calculations!$B$1*12-Calculations!$A69)) -> 17261536 | AD69: =AC69+AD68 -> 2.3175716e+09 | AE69: =$B69*(1+AE$3/12)^($B$1*12-$A69) -> 5.1844027e+08 | AF69: =AE69+AF68 -> 9.6891617e+10 | AG69: =AE69/((1+'How much will I make'!$C$5/12)^(Calculations!$B$1*12-Calculations!$A69)) -> 92319060 | AH69: =AG69+AH68 -> 1.4551069e+10
A70: =A69+1 -> 66 | B70: =B69 -> 638.14078 | C70: =$B70*(1+$C$3/12)^($B$1*12-$A70) -> 3568.7659 | D70: =C70+D69 -> 236050.62 | E70: =$C70/((1+'How much will I make'!$C$5/12)^(Calculations!$B$1*12-Calculations!$A70)) -> 638.14078 | F70: =E70+F69 -> 36982.632 | G70: =$B70*(1+G$3/12)^($B$1*12-$A70) -> 19816.363 | H70: =G70+H69 -> 1504497.4 | I70: =G70/((1+'How much will I make'!$C$5/12)^(Calculations!$B$1*12-Calculations!$A70)) -> 3543.418 | J70: =I70+J69 -> 234242.75 | K70: =$B70*(1+K$3/12)^($B$1*12-$A70) -> 109259.62 | L70: =K70+L69 -> 9575031.2 | M70: =K70/((1+'How much will I make'!$C$5/12)^(Calculations!$B$1*12-Calculations!$A70)) -> 19537.012 | N70: =M70+N69 -> 1481557.9 | O70: =$B70*(1+O$3/12)^($B$1*12-$A70) -> 598205.68 | P70: =O70+P69 -> 60843755 | Q70: =O70/((1+'How much will I make'!$C$5/12)^(Calculations!$B$1*12-Calculations!$A70)) -> 106966.79 | R70: =Q70+R69 -> 9357052.6 | S70: =$B70*(1+S$3/12)^($B$1*12-$A70) -> 3252530.4 | T70: =S70+T69 -> 3.8598129e+08 | U70: =S70/((1+'How much will I make'!$C$5/12)^(Calculations!$B$1*12-Calculations!$A70)) -> 581593.84 | V70: =U70+V69 -> 59005529 | W70: =$B70*(1+W$3/12)^($B$1*12-$A70) -> 17562922 | X70: =W70+X69 -> 2.4441249e+09 | Y70: =W70/((1+'How much will I make'!$C$5/12)^(Calculations!$B$1*12-Calculations!$A70)) -> 3140474.1 | Z70: =Y70+Z69 -> 3.7147345e+08 | AA70: =$B70*(1+AA$3/12)^($B$1*12-$A70) -> 94189194 | AB70: =AA70+AB69 -> 1.5445698e+10 | AC70: =AA70/((1+'How much will I make'!$C$5/12)^(Calculations!$B$1*12-Calculations!$A70)) -> 16842227 | AD70: =AC70+AD69 -> 2.3344139e+09 | AE70: =$B70*(1+AE$3/12)^($B$1*12-$A70) -> 5.017164e+08 | AF70: =AE70+AF69 -> 9.7393333e+10 | AG70: =AE70/((1+'How much will I make'!$C$5/12)^(Calculations!$B$1*12-Calculations!$A70)) -> 89713280 | AH70: =AG70+AH69 -> 1.4640782e+10
A71: =A70+1 -> 67 | B71: =B70 -> 638.14078 | C71: =$B71*(1+$C$3/12)^($B$1*12-$A71) -> 3553.9577 | D71: =C71+D70 -> 239604.58 | E71: =$C71/((1+'How much will I make'!$C$5/12)^(Calculations!$B$1*12-Calculations!$A71)) -> 638.14078 | F71: =E71+F70 -> 37620.773 | G71: =$B71*(1+G$3/12)^($B$1*12-$A71) -> 19652.591 | H71: =G71+H70 -> 1524150 | I71: =G71/((1+'How much will I make'!$C$5/12)^(Calculations!$B$1*12-Calculations!$A71)) -> 3528.7758 | J71: =I71+J70 -> 237771.52 | K71: =$B71*(1+K$3/12)^($B$1*12-$A71) -> 107910.74 | L71: =K71+L70 -> 9682942 | M71: =K71/((1+'How much will I make'!$C$5/12)^(Calculations!$B$1*12-Calculations!$A71)) -> 19376.214 | N71: =M71+N70 -> 1500934.1 | O71: =$B71*(1+O$3/12)^($B$1*12-$A71) -> 588399.03 | P71: =O71+P70 -> 61432154 | Q71: =O71/((1+'How much will I make'!$C$5/12)^(Calculations!$B$1*12-Calculations!$A71)) -> 105651.63 | R71: =Q71+R70 -> 9462704.2 | S71: =$B71*(1+S$3/12)^($B$1*12-$A71) -> 3186152.2 | T71: =S71+T70 -> 3.8916744e+08 | U71: =S71/((1+'How much will I make'!$C$5/12)^(Calculations!$B$1*12-Calculations!$A71)) -> 572098.43 | V71: =U71+V70 -> 59577627 | W71: =$B71*(1+W$3/12)^($B$1*12-$A71) -> 17134558 | X71: =W71+X70 -> 2.4612594e+09 | Y71: =W71/((1+'How much will I make'!$C$5/12)^(Calculations!$B$1*12-Calculations!$A71)) -> 3076643.3 | Z71: =Y71+Z70 -> 3.745501e+08 | AA71: =$B71*(1+AA$3/12)^($B$1*12-$A71) -> 91519865 | AB71: =AA71+AB70 -> 1.5537218e+10 | AC71: =AA71/((1+'How much will I make'!$C$5/12)^(Calculations!$B$1*12-Calculations!$A71)) -> 16433104 | AD71: =AC71+AD70 -> 2.350847e+09 | AE71: =$B71*(1+AE$3/12)^($B$1*12-$A71) -> 4.85532e+08 | AF71: =AE71+AF70 -> 9.7878865e+10 | AG71: =AE71/((1+'How much will I make'!$C$5/12)^(Calculations!$B$1*12-Calculations!$A71)) -> 87181050 | AH71: =AG71+AH70 -> 1.4727963e+10
A72: =A71+1 -> 68 | B72: =B71 -> 638.14078 | C72: =$B72*(1+$C$3/12)^($B$1*12-$A72) -> 3539.211 | D72: =C72+D71 -> 243143.79 | E72: =$C72/((1+'How much will I make'!$C$5/12)^(Calculations!$B$1*12-Calculations!$A72)) -> 638.14078 | F72: =E72+F71 -> 38258.914 | G72: =$B72*(1+G$3/12)^($B$1*12-$A72) -> 19490.173 | H72: =G72+H71 -> 1543640.1 | I72: =G72/((1+'How much will I make'!$C$5/12)^(Calculations!$B$1*12-Calculations!$A72)) -> 3514.1941 | J72: =I72+J71 -> 241285.72 | K72: =$B72*(1+K$3/12)^($B$1*12-$A72) -> 106578.51 | L72: =K72+L71 -> 9789520.5 | M72: =K72/((1+'How much will I make'!$C$5/12)^(Calculations!$B$1*12-Calculations!$A72)) -> 19216.739 | N72: =M72+N71 -> 1520150.8 | O72: =$B72*(1+O$3/12)^($B$1*12-$A72) -> 578753.15 | P72: =O72+P71 -> 62010907 | Q72: =O72/((1+'How much will I make'!$C$5/12)^(Calculations!$B$1*12-Calculations!$A72)) -> 104352.63 | R72: =Q72+R71 -> 9567056.9 | S72: =$B72*(1+S$3/12)^($B$1*12-$A72) -> 3121128.7 | T72: =S72+T71 -> 3.9228857e+08 | U72: =S72/((1+'How much will I make'!$C$5/12)^(Calculations!$B$1*12-Calculations!$A72)) -> 562758.05 | V72: =U72+V71 -> 60140385 | W72: =$B72*(1+W$3/12)^($B$1*12-$A72) -> 16716642 | X72: =W72+X71 -> 2.4779761e+09 | Y72: =W72/((1+'How much will I make'!$C$5/12)^(Calculations!$B$1*12-Calculations!$A72)) -> 3014109.9 | Z72: =Y72+Z71 -> 3.7756421e+08 | AA72: =$B72*(1+AA$3/12)^($B$1*12-$A72) -> 88926184 | AB72: =AA72+AB71 -> 1.5626144e+10 | AC72: =AA72/((1+'How much will I make'!$C$5/12)^(Calculations!$B$1*12-Calculations!$A72)) -> 16033920 | AD72: =AC72+AD71 -> 2.3668809e+09 | AE72: =$B72*(1+AE$3/12)^($B$1*12-$A72) -> 4.6986967e+08 | AF72: =AE72+AF71 -> 9.8348735e+10 | AG72: =AE72/((1+'How much will I make'!$C$5/12)^(Calculations!$B$1*12-Calculations!$A72)) -> 84720295 | AH72: =AG72+AH71 -> 1.4812683e+10
A73: =A72+1 -> 69 | B73: =B72 -> 638.14078 | C73: =$B73*(1+$C$3/12)^($B$1*12-$A73) -> 3524.5255 | D73: =C73+D72 -> 246668.32 | E73: =$C73/((1+'How much will I make'!$C$5/12)^(Calculations!$B$1*12-Calculations!$A73)) -> 638.14078 | F73: =E73+F72 -> 38897.055 | G73: =$B73*(1+G$3/12)^($B$1*12-$A73) -> 19329.097 | H73: =G73+H72 -> 1562969.2 | I73: =G73/((1+'How much will I make'!$C$5/12)^(Calculations!$B$1*12-Calculations!$A73)) -> 3499.6726 | J73: =I73+J72 -> 244785.39 | K73: =$B73*(1+K$3/12)^($B$1*12-$A73) -> 105262.72 | L73: =K73+L72 -> 9894783.2 | M73: =K73/((1+'How much will I make'!$C$5/12)^(Calculations!$B$1*12-Calculations!$A73)) -> 19058.576 | N73: =M73+N72 -> 1539209.4 | O73: =$B73*(1+O$3/12)^($B$1*12-$A73) -> 569265.39 | P73: =O73+P72 -> 62580173 | Q73: =O73/((1+'How much will I make'!$C$5/12)^(Calculations!$B$1*12-Calculations!$A73)) -> 103069.61 | R73: =Q73+R72 -> 9670126.5 | S73: =$B73*(1+S$3/12)^($B$1*12-$A73) -> 3057432.2 | T73: =S73+T72 -> 3.95346e+08 | U73: =S73/((1+'How much will I make'!$C$5/12)^(Calculations!$B$1*12-Calculations!$A73)) -> 553570.16 | V73: =U73+V72 -> 60693955 | W73: =$B73*(1+W$3/12)^($B$1*12-$A73) -> 16308919 | X73: =W73+X72 -> 2.494285e+09 | Y73: =W73/((1+'How much will I make'!$C$5/12)^(Calculations!$B$1*12-Calculations!$A73)) -> 2952847.5 | Z73: =Y73+Z72 -> 3.8051706e+08 | AA73: =$B73*(1+AA$3/12)^($B$1*12-$A73) -> 86406009 | AB73: =AA73+AB72 -> 1.571255e+10 | AC73: =AA73/((1+'How much will I make'!$C$5/12)^(Calculations!$B$1*12-Calculations!$A73)) -> 15644432 | AD73: =AC73+AD72 -> 2.3825253e+09 | AE73: =$B73*(1+AE$3/12)^($B$1*12-$A73) -> 4.5471259e+08 | AF73: =AE73+AF72 -> 9.8803448e+10 | AG73: =AE73/((1+'How much will I make'!$C$5/12)^(Calculations!$B$1*12-Calculations!$A73)) -> 82328996 | AH73: =AG73+AH72 -> 1.4895012e+10
A74: =A73+1 -> 70 | B74: =B73 -> 638.14078 | C74: =$B74*(1+$C$3/12)^($B$1*12-$A74) -> 3509.9009 | D74: =C74+D73 -> 250178.22 | E74: =$C74/((1+'How much will I make'!$C$5/12)^(Calculations!$B$1*12-Calculations!$A74)) -> 638.14078 | F74: =E74+F73 -> 39535.195 | G74: =$B74*(1+G$3/12)^($B$1*12-$A74) -> 19169.353 | H74: =G74+H73 -> 1582138.6 | I74: =G74/((1+'How much will I make'!$C$5/12)^(Calculations!$B$1*12-Calculations!$A74)) -> 3485.2112 | J74: =I74+J73 -> 248270.6 | K74: =$B74*(1+K$3/12)^($B$1*12-$A74) -> 103963.18 | L74: =K74+L73 -> 9998746.4 | M74: =K74/((1+'How much will I make'!$C$5/12)^(Calculations!$B$1*12-Calculations!$A74)) -> 18901.715 | N74: =M74+N73 -> 1558111.1 | O74: =$B74*(1+O$3/12)^($B$1*12-$A74) -> 559933.17 | P74: =O74+P73 -> 63140106 | Q74: =O74/((1+'How much will I make'!$C$5/12)^(Calculations!$B$1*12-Calculations!$A74)) -> 101802.36 | R74: =Q74+R73 -> 9771928.8 | S74: =$B74*(1+S$3/12)^($B$1*12-$A74) -> 2995035.6 | T74: =S74+T73 -> 3.9834104e+08 | U74: =S74/((1+'How much will I make'!$C$5/12)^(Calculations!$B$1*12-Calculations!$A74)) -> 544532.28 | V74: =U74+V73 -> 61238488 | W74: =$B74*(1+W$3/12)^($B$1*12-$A74) -> 15911140 | X74: =W74+X73 -> 2.5101961e+09 | Y74: =W74/((1+'How much will I make'!$C$5/12)^(Calculations!$B$1*12-Calculations!$A74)) -> 2892830.3 | Z74: =Y74+Z73 -> 3.8340989e+08 | AA74: =$B74*(1+AA$3/12)^($B$1*12-$A74) -> 83957256 | AB74: =AA74+AB73 -> 1.5796507e+10 | AC74: =AA74/((1+'How much will I make'!$C$5/12)^(Calculations!$B$1*12-Calculations!$A74)) -> 15264405 | AD74: =AC74+AD73 -> 2.3977897e+09 | AE74: =$B74*(1+AE$3/12)^($B$1*12-$A74) -> 4.4004444e+08 | AF74: =AE74+AF73 -> 9.9243492e+10 | AG74: =AE74/((1+'How much will I make'!$C$5/12)^(Calculations!$B$1*12-Calculations!$A74)) -> 80005194 | AH74: =AG74+AH73 -> 1.4975018e+10
A75: =A74+1 -> 71 | B75: =B74 -> 638.14078 | C75: =$B75*(1+$C$3/12)^($B$1*12-$A75) -> 3495.337 | D75: =C75+D74 -> 253673.56 | E75: =$C75/((1+'How much will I make'!$C$5/12)^(Calculations!$B$1*12-Calculations!$A75)) -> 638.14078 | F75: =E75+F74 -> 40173.336 | G75: =$B75*(1+G$3/12)^($B$1*12-$A75) -> 19010.928 | H75: =G75+H74 -> 1601149.5 | I75: =G75/((1+'How much will I make'!$C$5/12)^(Calculations!$B$1*12-Calculations!$A75)) -> 3470.8095 | J75: =I75+J74 -> 251741.41 | K75: =$B75*(1+K$3/12)^($B$1*12-$A75) -> 102679.69 | L75: =K75+L74 -> 10101426 | M75: =K75/((1+'How much will I make'!$C$5/12)^(Calculations!$B$1*12-Calculations!$A75)) -> 18746.146 | N75: =M75+N74 -> 1576857.3 | O75: =$B75*(1+O$3/12)^($B$1*12-$A75) -> 550753.94 | P75: =O75+P74 -> 63690860 | Q75: =O75/((1+'How much will I make'!$C$5/12)^(Calculations!$B$1*12-Calculations!$A75)) -> 100550.69 | R75: =Q75+R74 -> 9872479.5 | S75: =$B75*(1+S$3/12)^($B$1*12-$A75) -> 2933912.4 | T75: =S75+T74 -> 4.0127495e+08 | U75: =S75/((1+'How much will I make'!$C$5/12)^(Calculations!$B$1*12-Calculations!$A75)) -> 535641.96 | V75: =U75+V74 -> 61774130 | W75: =$B75*(1+W$3/12)^($B$1*12-$A75) -> 15523064 | X75: =W75+X74 -> 2.5257192e+09 | Y75: =W75/((1+'How much will I make'!$C$5/12)^(Calculations!$B$1*12-Calculations!$A75)) -> 2834032.9 | Z75: =Y75+Z74 -> 3.8624392e+08 | AA75: =$B75*(1+AA$3/12)^($B$1*12-$A75) -> 81577900 | AB75: =AA75+AB74 -> 1.5878085e+10 | AC75: =AA75/((1+'How much will I make'!$C$5/12)^(Calculations!$B$1*12-Calculations!$A75)) -> 14893610 | AD75: =AC75+AD74 -> 2.4126833e+09 | AE75: =$B75*(1+AE$3/12)^($B$1*12-$A75) -> 4.2584946e+08 | AF75: =AE75+AF74 -> 9.9669342e+10 | AG75: =AE75/((1+'How much will I make'!$C$5/12)^(Calculations!$B$1*12-Calculations!$A75)) -> 77746983 | AH75: =AG75+AH74 -> 1.5052765e+10
A76: =A75+1 -> 72 | B76: =B75 -> 638.14078 | C76: =$B76*(1+$C$3/12)^($B$1*12-$A76) -> 3480.8335 | D76: =C76+D75 -> 257154.39 | E76: =$C76/((1+'How much will I make'!$C$5/12)^(Calculations!$B$1*12-Calculations!$A76)) -> 638.14078 | F76: =E76+F75 -> 40811.477 | G76: =$B76*(1+G$3/12)^($B$1*12-$A76) -> 18853.813 | H76: =G76+H75 -> 1620003.3 | I76: =G76/((1+'How much will I make'!$C$5/12)^(Calculations!$B$1*12-Calculations!$A76)) -> 3456.4673 | J76: =I76+J75 -> 255197.88 | K76: =$B76*(1+K$3/12)^($B$1*12-$A76) -> 101412.04 | L76: =K76+L75 -> 10202838 | M76: =K76/((1+'How much will I make'!$C$5/12)^(Calculations!$B$1*12-Calculations!$A76)) -> 18591.856 | N76: =M76+N75 -> 1595449.1 | O76: =$B76*(1+O$3/12)^($B$1*12-$A76) -> 541725.19 | P76: =O76+P75 -> 64232585 | Q76: =O76/((1+'How much will I make'!$C$5/12)^(Calculations!$B$1*12-Calculations!$A76)) -> 99314.412 | R76: =Q76+R75 -> 9971794 | S76: =$B76*(1+S$3/12)^($B$1*12-$A76) -> 2874036.7 | T76: =S76+T75 -> 4.0414899e+08 | U76: =S76/((1+'How much will I make'!$C$5/12)^(Calculations!$B$1*12-Calculations!$A76)) -> 526896.79 | V76: =U76+V75 -> 62301026 | W76: =$B76*(1+W$3/12)^($B$1*12-$A76) -> 15144453 | X76: =W76+X75 -> 2.5408637e+09 | Y76: =W76/((1+'How much will I make'!$C$5/12)^(Calculations!$B$1*12-Calculations!$A76)) -> 2776430.6 | Z76: =Y76+Z75 -> 3.8902035e+08 | AA76: =$B76*(1+AA$3/12)^($B$1*12-$A76) -> 79265976 | AB76: =AA76+AB75 -> 1.5957351e+10 | AC76: =AA76/((1+'How much will I make'!$C$5/12)^(Calculations!$B$1*12-Calculations!$A76)) -> 14531822 | AD76: =AC76+AD75 -> 2.4272152e+09 | AE76: =$B76*(1+AE$3/12)^($B$1*12-$A76) -> 4.1211238e+08 | AF76: =AE76+AF75 -> 1.0008145e+11 | AG76: =AE76/((1+'How much will I make'!$C$5/12)^(Calculations!$B$1*12-Calculations!$A76)) -> 75552512 | AH76: =AG76+AH75 -> 1.5128317e+10
A77: =A76+1 -> 73 | B77: =B76*(1+'How much will I make'!$C$4) -> 670.04782 | C77: =$B77*(1+$C$3/12)^($B$1*12-$A77) -> 3639.7097 | D77: =C77+D76 -> 260794.1 | E77: =$C77/((1+'How much will I make'!$C$5/12)^(Calculations!$B$1*12-Calculations!$A77)) -> 670.04782 | F77: =E77+F76 -> 41481.525 | G77: =$B77*(1+G$3/12)^($B$1*12-$A77) -> 19632.896 | H77: =G77+H76 -> 1639636.2 | I77: =G77/((1+'How much will I make'!$C$5/12)^(Calculations!$B$1*12-Calculations!$A77)) -> 3614.2936 | J77: =I77+J76 -> 258812.17 | K77: =$B77*(1+K$3/12)^($B$1*12-$A77) -> 105168.04 | L77: =K77+L76 -> 10308006 | M77: =K77/((1+'How much will I make'!$C$5/12)^(Calculations!$B$1*12-Calculations!$A77)) -> 19360.779 | N77: =M77+N76 -> 1614809.9 | O77: =$B77*(1+O$3/12)^($B$1*12-$A77) -> 559486.67 | P77: =O77+P76 -> 64792072 | Q77: =O77/((1+'How much will I make'!$C$5/12)^(Calculations!$B$1*12-Calculations!$A77)) -> 102998 | R77: =Q77+R76 -> 10074792 | S77: =$B77*(1+S$3/12)^($B$1*12-$A77) -> 2956152 | T77: =S77+T76 -> 4.0710514e+08 | U77: =S77/((1+'How much will I make'!$C$5/12)^(Calculations!$B$1*12-Calculations!$A77)) -> 544209.11 | V77: =U77+V76 -> 62845235 | W77: =$B77*(1+W$3/12)^($B$1*12-$A77) -> 15513829 | X77: =W77+X76 -> 2.5563775e+09 | Y77: =W77/((1+'How much will I make'!$C$5/12)^(Calculations!$B$1*12-Calculations!$A77)) -> 2855999.1 | Z77: =Y77+Z76 -> 3.9187635e+08 | AA77: =$B77*(1+AA$3/12)^($B$1*12-$A77) -> 80870550 | AB77: =AA77+AB76 -> 1.6038222e+10 | AC77: =AA77/((1+'How much will I make'!$C$5/12)^(Calculations!$B$1*12-Calculations!$A77)) -> 14887763 | AD77: =AC77+AD76 -> 2.4421029e+09 | AE77: =$B77*(1+AE$3/12)^($B$1*12-$A77) -> 4.1875935e+08 | AF77: =AE77+AF76 -> 1.0050021e+11 | AG77: =AE77/((1+'How much will I make'!$C$5/12)^(Calculations!$B$1*12-Calculations!$A77)) -> 77090980 | AH77: =AG77+AH76 -> 1.5205408e+10
A78: =A77+1 -> 74 | B78: =B77 -> 670.04782 | C78: =$B78*(1+$C$3/12)^($B$1*12-$A78) -> 3624.6072 | D78: =C78+D77 -> 264418.71 | E78: =$C78/((1+'How much will I make'!$C$5/12)^(Calculations!$B$1*12-Calculations!$A78)) -> 670.04782 | F78: =E78+F77 -> 42151.573 | G78: =$B78*(1+G$3/12)^($B$1*12-$A78) -> 19470.641 | H78: =G78+H77 -> 1659106.9 | I78: =G78/((1+'How much will I make'!$C$5/12)^(Calculations!$B$1*12-Calculations!$A78)) -> 3599.3585 | J78: =I78+J77 -> 262411.53 | K78: =$B78*(1+K$3/12)^($B$1*12-$A78) -> 103869.67 | L78: =K78+L77 -> 10411876 | M78: =K78/((1+'How much will I make'!$C$5/12)^(Calculations!$B$1*12-Calculations!$A78)) -> 19201.431 | N78: =M78+N77 -> 1634011.3 | O78: =$B78*(1+O$3/12)^($B$1*12-$A78) -> 550314.76 | P78: =O78+P77 -> 65342387 | Q78: =O78/((1+'How much will I make'!$C$5/12)^(Calculations!$B$1*12-Calculations!$A78)) -> 101731.63 | R78: =Q78+R77 -> 10176524 | S78: =$B78*(1+S$3/12)^($B$1*12-$A78) -> 2895822.4 | T78: =S78+T77 -> 4.1000096e+08 | U78: =S78/((1+'How much will I make'!$C$5/12)^(Calculations!$B$1*12-Calculations!$A78)) -> 535324.06 | V78: =U78+V77 -> 63380560 | W78: =$B78*(1+W$3/12)^($B$1*12-$A78) -> 15135443 | X78: =W78+X77 -> 2.5715129e+09 | Y78: =W78/((1+'How much will I make'!$C$5/12)^(Calculations!$B$1*12-Calculations!$A78)) -> 2797950.3 | Z78: =Y78+Z77 -> 3.946743e+08 | AA78: =$B78*(1+AA$3/12)^($B$1*12-$A78) -> 78578672 | AB78: =AA78+AB77 -> 1.61168e+10 | AC78: =AA78/((1+'How much will I make'!$C$5/12)^(Calculations!$B$1*12-Calculations!$A78)) -> 14526117 | AD78: =AC78+AD77 -> 2.456629e+09 | AE78: =$B78*(1+AE$3/12)^($B$1*12-$A78) -> 4.0525099e+08 | AF78: =AE78+AF77 -> 1.0090546e+11 | AG78: =AE78/((1+'How much will I make'!$C$5/12)^(Calculations!$B$1*12-Calculations!$A78)) -> 74915025 | AH78: =AG78+AH77 -> 1.5280323e+10
A79: =A78+1 -> 75 | B79: =B78 -> 670.04782 | C79: =$B79*(1+$C$3/12)^($B$1*12-$A79) -> 3609.5673 | D79: =C79+D78 -> 268028.27 | E79: =$C79/((1+'How much will I make'!$C$5/12)^(Calculations!$B$1*12-Calculations!$A79)) -> 670.04782 | F79: =E79+F78 -> 42821.62 | G79: =$B79*(1+G$3/12)^($B$1*12-$A79) -> 19309.727 | H79: =G79+H78 -> 1678416.6 | I79: =G79/((1+'How much will I make'!$C$5/12)^(Calculations!$B$1*12-Calculations!$A79)) -> 3584.4851 | J79: =I79+J78 -> 265996.02 | K79: =$B79*(1+K$3/12)^($B$1*12-$A79) -> 102587.33 | L79: =K79+L78 -> 10514463 | M79: =K79/((1+'How much will I make'!$C$5/12)^(Calculations!$B$1*12-Calculations!$A79)) -> 19043.394 | N79: =M79+N78 -> 1653054.7 | O79: =$B79*(1+O$3/12)^($B$1*12-$A79) -> 541293.2 | P79: =O79+P78 -> 65883680 | Q79: =O79/((1+'How much will I make'!$C$5/12)^(Calculations!$B$1*12-Calculations!$A79)) -> 100480.83 | R79: =Q79+R78 -> 10277004 | S79: =$B79*(1+S$3/12)^($B$1*12-$A79) -> 2836723.9 | T79: =S79+T78 -> 4.1283769e+08 | U79: =S79/((1+'How much will I make'!$C$5/12)^(Calculations!$B$1*12-Calculations!$A79)) -> 526584.08 | V79: =U79+V78 -> 63907144 | W79: =$B79*(1+W$3/12)^($B$1*12-$A79) -> 14766286 | X79: =W79+X78 -> 2.5862792e+09 | Y79: =W79/((1+'How much will I make'!$C$5/12)^(Calculations!$B$1*12-Calculations!$A79)) -> 2741081.4 | Z79: =Y79+Z78 -> 3.9741538e+08 | AA79: =$B79*(1+AA$3/12)^($B$1*12-$A79) -> 76351746 | AB79: =AA79+AB78 -> 1.6193152e+10 | AC79: =AA79/((1+'How much will I make'!$C$5/12)^(Calculations!$B$1*12-Calculations!$A79)) -> 14173256 | AD79: =AC79+AD78 -> 2.4708023e+09 | AE79: =$B79*(1+AE$3/12)^($B$1*12-$A79) -> 3.9217837e+08 | AF79: =AE79+AF78 -> 1.0129764e+11 | AG79: =AE79/((1+'How much will I make'!$C$5/12)^(Calculations!$B$1*12-Calculations!$A79)) -> 72800488 | AH79: =AG79+AH78 -> 1.5353124e+10
A80: =A79+1 -> 76 | B80: =B79 -> 670.04782 | C80: =$B80*(1+$C$3/12)^($B$1*12-$A80) -> 3594.5899 | D80: =C80+D79 -> 271622.86 | E80: =$C80/((1+'How much will I make'!$C$5/12)^(Calculations!$B$1*12-Calculations!$A80)) -> 670.04782 | F80: =E80+F79 -> 43491.668 | G80: =$B80*(1+G$3/12)^($B$1*12-$A80) -> 19150.142 | H80: =G80+H79 -> 1697566.7 | I80: =G80/((1+'How much will I make'!$C$5/12)^(Calculations!$B$1*12-Calculations!$A80)) -> 3569.6732 | J80: =I80+J79 -> 269565.69 | K80: =$B80*(1+K$3/12)^($B$1*12-$A80) -> 101320.82 | L80: =K80+L79 -> 10615784 | M80: =K80/((1+'How much will I make'!$C$5/12)^(Calculations!$B$1*12-Calculations!$A80)) -> 18886.659 | N80: =M80+N79 -> 1671941.4 | O80: =$B80*(1+O$3/12)^($B$1*12-$A80) -> 532419.54 | P80: =O80+P79 -> 66416099 | Q80: =O80/((1+'How much will I make'!$C$5/12)^(Calculations!$B$1*12-Calculations!$A80)) -> 99245.412 | R80: =Q80+R79 -> 10376250 | S80: =$B80*(1+S$3/12)^($B$1*12-$A80) -> 2778831.6 | T80: =S80+T79 -> 4.1561652e+08 | U80: =S80/((1+'How much will I make'!$C$5/12)^(Calculations!$B$1*12-Calculations!$A80)) -> 517986.79 | V80: =U80+V79 -> 64425130 | W80: =$B80*(1+W$3/12)^($B$1*12-$A80) -> 14406133 | X80: =W80+X79 -> 2.6006853e+09 | Y80: =W80/((1+'How much will I make'!$C$5/12)^(Calculations!$B$1*12-Calculations!$A80)) -> 2685368.4 | Z80: =Y80+Z79 -> 4.0010075e+08 | AA80: =$B80*(1+AA$3/12)^($B$1*12-$A80) -> 74187932 | AB80: =AA80+AB79 -> 1.626734e+10 | AC80: =AA80/((1+'How much will I make'!$C$5/12)^(Calculations!$B$1*12-Calculations!$A80)) -> 13828966 | AD80: =AC80+AD79 -> 2.4846313e+09 | AE80: =$B80*(1+AE$3/12)^($B$1*12-$A80) -> 3.7952746e+08 | AF80: =AE80+AF79 -> 1.0167717e+11 | AG80: =AE80/((1+'How much will I make'!$C$5/12)^(Calculations!$B$1*12-Calculations!$A80)) -> 70745636 | AH80: =AG80+AH79 -> 1.5423869e+10
A81: =A80+1 -> 77 | B81: =B80 -> 670.04782 | C81: =$B81*(1+$C$3/12)^($B$1*12-$A81) -> 3579.6746 | D81: =C81+D80 -> 275202.54 | E81: =$C81/((1+'How much will I make'!$C$5/12)^(Calculations!$B$1*12-Calculations!$A81)) -> 670.04782 | F81: =E81+F80 -> 44161.716 | G81: =$B81*(1+G$3/12)^($B$1*12-$A81) -> 18991.877 | H81: =G81+H80 -> 1716558.6 | I81: =G81/((1+'How much will I make'!$C$5/12)^(Calculations!$B$1*12-Calculations!$A81)) -> 3554.9225 | J81: =I81+J80 -> 273120.61 | K81: =$B81*(1+K$3/12)^($B$1*12-$A81) -> 100069.94 | L81: =K81+L80 -> 10715854 | M81: =K81/((1+'How much will I make'!$C$5/12)^(Calculations!$B$1*12-Calculations!$A81)) -> 18731.213 | N81: =M81+N80 -> 1690672.6 | O81: =$B81*(1+O$3/12)^($B$1*12-$A81) -> 523691.35 | P81: =O81+P80 -> 66939791 | Q81: =O81/((1+'How much will I make'!$C$5/12)^(Calculations!$B$1*12-Calculations!$A81)) -> 98025.182 | R81: =Q81+R80 -> 10474275 | S81: =$B81*(1+S$3/12)^($B$1*12-$A81) -> 2722120.8 | T81: =S81+T80 -> 4.1833864e+08 | U81: =S81/((1+'How much will I make'!$C$5/12)^(Calculations!$B$1*12-Calculations!$A81)) -> 509529.86 | V81: =U81+V80 -> 64934660 | W81: =$B81*(1+W$3/12)^($B$1*12-$A81) -> 14054764 | X81: =W81+X80 -> 2.6147401e+09 | Y81: =W81/((1+'How much will I make'!$C$5/12)^(Calculations!$B$1*12-Calculations!$A81)) -> 2630787.7 | Z81: =Y81+Z80 -> 4.0273154e+08 | AA81: =$B81*(1+AA$3/12)^($B$1*12-$A81) -> 72085440 | AB81: =AA81+AB80 -> 1.6339426e+10 | AC81: =AA81/((1+'How much will I make'!$C$5/12)^(Calculations!$B$1*12-Calculations!$A81)) -> 13493040 | AD81: =AC81+AD80 -> 2.4981243e+09 | AE81: =$B81*(1+AE$3/12)^($B$1*12-$A81) -> 3.6728464e+08 | AF81: =AE81+AF80 -> 1.0204445e+11 | AG81: =AE81/((1+'How much will I make'!$C$5/12)^(Calculations!$B$1*12-Calculations!$A81)) -> 68748783 | AH81: =AG81+AH80 -> 1.5492618e+10
A82: =A81+1 -> 78 | B82: =B81 -> 670.04782 | C82: =$B82*(1+$C$3/12)^($B$1*12-$A82) -> 3564.8211 | D82: =C82+D81 -> 278767.36 | E82: =$C82/((1+'How much will I make'!$C$5/12)^(Calculations!$B$1*12-Calculations!$A82)) -> 670.04782 | F82: =E82+F81 -> 44831.764 | G82: =$B82*(1+G$3/12)^($B$1*12-$A82) -> 18834.919 | H82: =G82+H81 -> 1735393.5 | I82: =G82/((1+'How much will I make'!$C$5/12)^(Calculations!$B$1*12-Calculations!$A82)) -> 3540.2327 | J82: =I82+J81 -> 276660.84 | K82: =$B82*(1+K$3/12)^($B$1*12-$A82) -> 98834.511 | L82: =K82+L81 -> 10814688 | M82: =K82/((1+'How much will I make'!$C$5/12)^(Calculations!$B$1*12-Calculations!$A82)) -> 18577.047 | N82: =M82+N81 -> 1709249.6 | O82: =$B82*(1+O$3/12)^($B$1*12-$A82) -> 515106.25 | P82: =O82+P81 -> 67454897 | Q82: =O82/((1+'How much will I make'!$C$5/12)^(Calculations!$B$1*12-Calculations!$A82)) -> 96819.954 | R82: =Q82+R81 -> 10571095 | S82: =$B82*(1+S$3/12)^($B$1*12-$A82) -> 2666567.3 | T82: =S82+T81 -> 4.2100521e+08 | U82: =S82/((1+'How much will I make'!$C$5/12)^(Calculations!$B$1*12-Calculations!$A82)) -> 501211.01 | V82: =U82+V81 -> 65435871 | W82: =$B82*(1+W$3/12)^($B$1*12-$A82) -> 13711965 | X82: =W82+X81 -> 2.6284521e+09 | Y82: =W82/((1+'How much will I make'!$C$5/12)^(Calculations!$B$1*12-Calculations!$A82)) -> 2577316.4 | Z82: =Y82+Z81 -> 4.0530885e+08 | AA82: =$B82*(1+AA$3/12)^($B$1*12-$A82) -> 70042533 | AB82: =AA82+AB81 -> 1.6409468e+10 | AC82: =AA82/((1+'How much will I make'!$C$5/12)^(Calculations!$B$1*12-Calculations!$A82)) -> 13165274 | AD82: =AC82+AD81 -> 2.5112896e+09 | AE82: =$B82*(1+AE$3/12)^($B$1*12-$A82) -> 3.5543674e+08 | AF82: =AE82+AF81 -> 1.0239989e+11 | AG82: =AE82/((1+'How much will I make'!$C$5/12)^(Calculations!$B$1*12-Calculations!$A82)) -> 66808293 | AH82: =AG82+AH81 -> 1.5559426e+10
A83: =A82+1 -> 79 | B83: =B82 -> 670.04782 | C83: =$B83*(1+$C$3/12)^($B$1*12-$A83) -> 3550.0294 | D83: =C83+D82 -> 282317.39 | E83: =$C83/((1+'How much will I make'!$C$5/12)^(Calculations!$B$1*12-Calculations!$A83)) -> 670.04782 | F83: =E83+F82 -> 45501.812 | G83: =$B83*(1+G$3/12)^($B$1*12-$A83) -> 18679.258 | H83: =G83+H82 -> 1754072.8 | I83: =G83/((1+'How much will I make'!$C$5/12)^(Calculations!$B$1*12-Calculations!$A83)) -> 3525.6036 | J83: =I83+J82 -> 280186.45 | K83: =$B83*(1+K$3/12)^($B$1*12-$A83) -> 97614.332 | L83: =K83+L82 -> 10912303 | M83: =K83/((1+'How much will I make'!$C$5/12)^(Calculations!$B$1*12-Calculations!$A83)) -> 18424.149 | N83: =M83+N82 -> 1727673.8 | O83: =$B83*(1+O$3/12)^($B$1*12-$A83) -> 506661.88 | P83: =O83+P82 -> 67961559 | Q83: =O83/((1+'How much will I make'!$C$5/12)^(Calculations!$B$1*12-Calculations!$A83)) -> 95629.545 | R83: =Q83+R82 -> 10666725 | S83: =$B83*(1+S$3/12)^($B$1*12-$A83) -> 2612147.5 | T83: =S83+T82 -> 4.2361735e+08 | U83: =S83/((1+'How much will I make'!$C$5/12)^(Calculations!$B$1*12-Calculations!$A83)) -> 493027.97 | V83: =U83+V82 -> 65928899 | W83: =$B83*(1+W$3/12)^($B$1*12-$A83) -> 13377527 | X83: =W83+X82 -> 2.6418296e+09 | Y83: =W83/((1+'How much will I make'!$C$5/12)^(Calculations!$B$1*12-Calculations!$A83)) -> 2524931.9 | Z83: =Y83+Z82 -> 4.0783378e+08 | AA83: =$B83*(1+AA$3/12)^($B$1*12-$A83) -> 68057522 | AB83: =AA83+AB82 -> 1.6477526e+10 | AC83: =AA83/((1+'How much will I make'!$C$5/12)^(Calculations!$B$1*12-Calculations!$A83)) -> 12845470 | AD83: =AC83+AD82 -> 2.524135e+09 | AE83: =$B83*(1+AE$3/12)^($B$1*12-$A83) -> 3.4397104e+08 | AF83: =AE83+AF82 -> 1.0274386e+11 | AG83: =AE83/((1+'How much will I make'!$C$5/12)^(Calculations!$B$1*12-Calculations!$A83)) -> 64922575 | AH83: =AG83+AH82 -> 1.5624349e+10
A84: =A83+1 -> 80 | B84: =B83 -> 670.04782 | C84: =$B84*(1+$C$3/12)^($B$1*12-$A84) -> 3535.2989 | D84: =C84+D83 -> 285852.69 | E84: =$C84/((1+'How much will I make'!$C$5/12)^(Calculations!$B$1*12-Calculations!$A84)) -> 670.04782 | F84: =E84+F83 -> 46171.859 | G84: =$B84*(1+G$3/12)^($B$1*12-$A84) -> 18524.884 | H84: =G84+H83 -> 1772597.7 | I84: =G84/((1+'How much will I make'!$C$5/12)^(Calculations!$B$1*12-Calculations!$A84)) -> 3511.035 | J84: =I84+J83 -> 283697.48 | K84: =$B84*(1+K$3/12)^($B$1*12-$A84) -> 96409.216 | L84: =K84+L83 -> 11008712 | M84: =K84/((1+'How much will I make'!$C$5/12)^(Calculations!$B$1*12-Calculations!$A84)) -> 18272.51 | N84: =M84+N83 -> 1745946.3 | O84: =$B84*(1+O$3/12)^($B$1*12-$A84) -> 498355.95 | P84: =O84+P83 -> 68459915 | Q84: =O84/((1+'How much will I make'!$C$5/12)^(Calculations!$B$1*12-Calculations!$A84)) -> 94453.772 | R84: =Q84+R83 -> 10761178 | S84: =$B84*(1+S$3/12)^($B$1*12-$A84) -> 2558838.4 | T84: =S84+T83 -> 4.2617619e+08 | U84: =S84/((1+'How much will I make'!$C$5/12)^(Calculations!$B$1*12-Calculations!$A84)) -> 484978.53 | V84: =U84+V83 -> 66413878 | W84: =$B84*(1+W$3/12)^($B$1*12-$A84) -> 13051245 | X84: =W84+X83 -> 2.6548808e+09 | Y84: =W84/((1+'How much will I make'!$C$5/12)^(Calculations!$B$1*12-Calculations!$A84)) -> 2473612.2 | Z84: =Y84+Z83 -> 4.103074e+08 | AA84: =$B84*(1+AA$3/12)^($B$1*12-$A84) -> 66128766 | AB84: =AA84+AB83 -> 1.6543654e+10 | AC84: =AA84/((1+'How much will I make'!$C$5/12)^(Calculations!$B$1*12-Calculations!$A84)) -> 12533434 | AD84: =AC84+AD83 -> 2.5366685e+09 | AE84: =$B84*(1+AE$3/12)^($B$1*12-$A84) -> 3.328752e+08 | AF84: =AE84+AF83 -> 1.0307674e+11 | AG84: =AE84/((1+'How much will I make'!$C$5/12)^(Calculations!$B$1*12-Calculations!$A84)) -> 63090083 | AH84: =AG84+AH83 -> 1.5687439e+10
A85: =A84+1 -> 81 | B85: =B84 -> 670.04782 | C85: =$B85*(1+$C$3/12)^($B$1*12-$A85) -> 3520.6297 | D85: =C85+D84 -> 289373.32 | E85: =$C85/((1+'How much will I make'!$C$5/12)^(Calculations!$B$1*12-Calculations!$A85)) -> 670.04782 | F85: =E85+F84 -> 46841.907 | G85: =$B85*(1+G$3/12)^($B$1*12-$A85) -> 18371.786 | H85: =G85+H84 -> 1790969.5 | I85: =G85/((1+'How much will I make'!$C$5/12)^(Calculations!$B$1*12-Calculations!$A85)) -> 3496.5266 | J85: =I85+J84 -> 287194.01 | K85: =$B85*(1+K$3/12)^($B$1*12-$A85) -> 95218.979 | L85: =K85+L84 -> 11103931 | M85: =K85/((1+'How much will I make'!$C$5/12)^(Calculations!$B$1*12-Calculations!$A85)) -> 18122.119 | N85: =M85+N84 -> 1764068.4 | O85: =$B85*(1+O$3/12)^($B$1*12-$A85) -> 490186.18 | P85: =O85+P84 -> 68950101 | Q85: =O85/((1+'How much will I make'!$C$5/12)^(Calculations!$B$1*12-Calculations!$A85)) -> 93292.455 | R85: =Q85+R84 -> 10854471 | S85: =$B85*(1+S$3/12)^($B$1*12-$A85) -> 2506617.2 | T85: =S85+T84 -> 4.2868281e+08 | U85: =S85/((1+'How much will I make'!$C$5/12)^(Calculations!$B$1*12-Calculations!$A85)) -> 477060.52 | V85: =U85+V84 -> 66890938 | W85: =$B85*(1+W$3/12)^($B$1*12-$A85) -> 12732922 | X85: =W85+X84 -> 2.6676138e+09 | Y85: =W85/((1+'How much will I make'!$C$5/12)^(Calculations!$B$1*12-Calculations!$A85)) -> 2423335.5 | Z85: =Y85+Z84 -> 4.1273073e+08 | AA85: =$B85*(1+AA$3/12)^($B$1*12-$A85) -> 64254671 | AB85: =AA85+AB84 -> 1.6607909e+10 | AC85: =AA85/((1+'How much will I make'!$C$5/12)^(Calculations!$B$1*12-Calculations!$A85)) -> 12228978 | AD85: =AC85+AD84 -> 2.5488975e+09 | AE85: =$B85*(1+AE$3/12)^($B$1*12-$A85) -> 3.2213729e+08 | AF85: =AE85+AF84 -> 1.0339888e+11 | AG85: =AE85/((1+'How much will I make'!$C$5/12)^(Calculations!$B$1*12-Calculations!$A85)) -> 61309315 | AH85: =AG85+AH84 -> 1.5748748e+10
A86: =A85+1 -> 82 | B86: =B85 -> 670.04782 | C86: =$B86*(1+$C$3/12)^($B$1*12-$A86) -> 3506.0212 | D86: =C86+D85 -> 292879.34 | E86: =$C86/((1+'How much will I make'!$C$5/12)^(Calculations!$B$1*12-Calculations!$A86)) -> 670.04782 | F86: =E86+F85 -> 47511.955 | G86: =$B86*(1+G$3/12)^($B$1*12-$A86) -> 18219.953 | H86: =G86+H85 -> 1809189.4 | I86: =G86/((1+'How much will I make'!$C$5/12)^(Calculations!$B$1*12-Calculations!$A86)) -> 3482.0782 | J86: =I86+J85 -> 290676.09 | K86: =$B86*(1+K$3/12)^($B$1*12-$A86) -> 94043.436 | L86: =K86+L85 -> 11197974 | M86: =K86/((1+'How much will I make'!$C$5/12)^(Calculations!$B$1*12-Calculations!$A86)) -> 17972.966 | N86: =M86+N85 -> 1782041.4 | O86: =$B86*(1+O$3/12)^($B$1*12-$A86) -> 482150.34 | P86: =O86+P85 -> 69432251 | Q86: =O86/((1+'How much will I make'!$C$5/12)^(Calculations!$B$1*12-Calculations!$A86)) -> 92145.416 | R86: =Q86+R85 -> 10946616 | S86: =$B86*(1+S$3/12)^($B$1*12-$A86) -> 2455461.8 | T86: =S86+T85 -> 4.3113827e+08 | U86: =S86/((1+'How much will I make'!$C$5/12)^(Calculations!$B$1*12-Calculations!$A86)) -> 469271.77 | V86: =U86+V85 -> 67360210 | W86: =$B86*(1+W$3/12)^($B$1*12-$A86) -> 12422363 | X86: =W86+X85 -> 2.6800361e+09 | Y86: =W86/((1+'How much will I make'!$C$5/12)^(Calculations!$B$1*12-Calculations!$A86)) -> 2374080.7 | Z86: =Y86+Z85 -> 4.1510481e+08 | AA86: =$B86*(1+AA$3/12)^($B$1*12-$A86) -> 62433689 | AB86: =AA86+AB85 -> 1.6670343e+10 | AC86: =AA86/((1+'How much will I make'!$C$5/12)^(Calculations!$B$1*12-Calculations!$A86)) -> 11931918 | AD86: =AC86+AD85 -> 2.5608294e+09 | AE86: =$B86*(1+AE$3/12)^($B$1*12-$A86) -> 3.1174577e+08 | AF86: =AE86+AF85 -> 1.0371062e+11 | AG86: =AE86/((1+'How much will I make'!$C$5/12)^(Calculations!$B$1*12-Calculations!$A86)) -> 59578810 | AH86: =AG86+AH85 -> 1.5808327e+10
A87: =A86+1 -> 83 | B87: =B86 -> 670.04782 | C87: =$B87*(1+$C$3/12)^($B$1*12-$A87) -> 3491.4734 | D87: =C87+D86 -> 296370.81 | E87: =$C87/((1+'How much will I make'!$C$5/12)^(Calculations!$B$1*12-Calculations!$A87)) -> 670.04782 | F87: =E87+F86 -> 48182.003 | G87: =$B87*(1+G$3/12)^($B$1*12-$A87) -> 18069.375 | H87: =G87+H86 -> 1827258.8 | I87: =G87/((1+'How much will I make'!$C$5/12)^(Calculations!$B$1*12-Calculations!$A87)) -> 3467.6894 | J87: =I87+J86 -> 294143.78 | K87: =$B87*(1+K$3/12)^($B$1*12-$A87) -> 92882.406 | L87: =K87+L86 -> 11290857 | M87: =K87/((1+'How much will I make'!$C$5/12)^(Calculations!$B$1*12-Calculations!$A87)) -> 17825.04 | N87: =M87+N86 -> 1799866.4 | O87: =$B87*(1+O$3/12)^($B$1*12-$A87) -> 474246.24 | P87: =O87+P86 -> 69906498 | Q87: =O87/((1+'How much will I make'!$C$5/12)^(Calculations!$B$1*12-Calculations!$A87)) -> 91012.481 | R87: =Q87+R86 -> 11037629 | S87: =$B87*(1+S$3/12)^($B$1*12-$A87) -> 2405350.3 | T87: =S87+T86 -> 4.3354362e+08 | U87: =S87/((1+'How much will I make'!$C$5/12)^(Calculations!$B$1*12-Calculations!$A87)) -> 461610.19 | V87: =U87+V86 -> 67821820 | W87: =$B87*(1+W$3/12)^($B$1*12-$A87) -> 12119379 | X87: =W87+X86 -> 2.6921555e+09 | Y87: =W87/((1+'How much will I make'!$C$5/12)^(Calculations!$B$1*12-Calculations!$A87)) -> 2325827 | Z87: =Y87+Z86 -> 4.1743064e+08 | AA87: =$B87*(1+AA$3/12)^($B$1*12-$A87) -> 60664313 | AB87: =AA87+AB86 -> 1.6731007e+10 | AC87: =AA87/((1+'How much will I make'!$C$5/12)^(Calculations!$B$1*12-Calculations!$A87)) -> 11642074 | AD87: =AC87+AD86 -> 2.5724715e+09 | AE87: =$B87*(1+AE$3/12)^($B$1*12-$A87) -> 3.0168945e+08 | AF87: =AE87+AF86 -> 1.0401231e+11 | AG87: =AE87/((1+'How much will I make'!$C$5/12)^(Calculations!$B$1*12-Calculations!$A87)) -> 57897150 | AH87: =AG87+AH86 -> 1.5866224e+10
A88: =A87+1 -> 84 | B88: =B87 -> 670.04782 | C88: =$B88*(1+$C$3/12)^($B$1*12-$A88) -> 3476.986 | D88: =C88+D87 -> 299847.8 | E88: =$C88/((1+'How much will I make'!$C$5/12)^(Calculations!$B$1*12-Calculations!$A88)) -> 670.04782 | F88: =E88+F87 -> 48852.051 | G88: =$B88*(1+G$3/12)^($B$1*12-$A88) -> 17920.041 | H88: =G88+H87 -> 1845178.8 | I88: =G88/((1+'How much will I make'!$C$5/12)^(Calculations!$B$1*12-Calculations!$A88)) -> 3453.3601 | J88: =I88+J87 -> 297597.14 | K88: =$B88*(1+K$3/12)^($B$1*12-$A88) -> 91735.71 | L88: =K88+L87 -> 11382592 | M88: =K88/((1+'How much will I make'!$C$5/12)^(Calculations!$B$1*12-Calculations!$A88)) -> 17678.332 | N88: =M88+N87 -> 1817544.7 | O88: =$B88*(1+O$3/12)^($B$1*12-$A88) -> 466471.71 | P88: =O88+P87 -> 70372969 | Q88: =O88/((1+'How much will I make'!$C$5/12)^(Calculations!$B$1*12-Calculations!$A88)) -> 89893.475 | R88: =Q88+R87 -> 11127522 | S88: =$B88*(1+S$3/12)^($B$1*12-$A88) -> 2356261.5 | T88: =S88+T87 -> 4.3589988e+08 | U88: =S88/((1+'How much will I make'!$C$5/12)^(Calculations!$B$1*12-Calculations!$A88)) -> 454073.7 | V88: =U88+V87 -> 68275894 | W88: =$B88*(1+W$3/12)^($B$1*12-$A88) -> 11823784 | X88: =W88+X87 -> 2.7039793e+09 | Y88: =W88/((1+'How much will I make'!$C$5/12)^(Calculations!$B$1*12-Calculations!$A88)) -> 2278554.1 | Z88: =Y88+Z87 -> 4.1970919e+08 | AA88: =$B88*(1+AA$3/12)^($B$1*12-$A88) -> 58945081 | AB88: =AA88+AB87 -> 1.6789952e+10 | AC88: =AA88/((1+'How much will I make'!$C$5/12)^(Calculations!$B$1*12-Calculations!$A88)) -> 11359270 | AD88: =AC88+AD87 -> 2.5838307e+09 | AE88: =$B88*(1+AE$3/12)^($B$1*12-$A88) -> 2.9195753e+08 | AF88: =AE88+AF87 -> 1.0430427e+11 | AG88: =AE88/((1+'How much will I make'!$C$5/12)^(Calculations!$B$1*12-Calculations!$A88)) -> 56262956 | AH88: =AG88+AH87 -> 1.5922487e+10
A89: =A88+1 -> 85 | B89: =B88*(1+'How much will I make'!$C$4) -> 703.55021 | C89: =$B89*(1+$C$3/12)^($B$1*12-$A89) -> 3635.6866 | D89: =C89+D88 -> 303483.49 | E89: =$C89/((1+'How much will I make'!$C$5/12)^(Calculations!$B$1*12-Calculations!$A89)) -> 703.55021 | F89: =E89+F88 -> 49555.601 | G89: =$B89*(1+G$3/12)^($B$1*12-$A89) -> 18660.539 | H89: =G89+H88 -> 1863839.4 | I89: =G89/((1+'How much will I make'!$C$5/12)^(Calculations!$B$1*12-Calculations!$A89)) -> 3611.0445 | J89: =I89+J88 -> 301208.18 | K89: =$B89*(1+K$3/12)^($B$1*12-$A89) -> 95133.329 | L89: =K89+L88 -> 11477726 | M89: =K89/((1+'How much will I make'!$C$5/12)^(Calculations!$B$1*12-Calculations!$A89)) -> 18409.473 | N89: =M89+N88 -> 1835954.2 | O89: =$B89*(1+O$3/12)^($B$1*12-$A89) -> 481765.87 | P89: =O89+P88 -> 70854735 | Q89: =O89/((1+'How much will I make'!$C$5/12)^(Calculations!$B$1*12-Calculations!$A89)) -> 93227.639 | R89: =Q89+R88 -> 11220750 | S89: =$B89*(1+S$3/12)^($B$1*12-$A89) -> 2423583.3 | T89: =S89+T88 -> 4.3832347e+08 | U89: =S89/((1+'How much will I make'!$C$5/12)^(Calculations!$B$1*12-Calculations!$A89)) -> 468993.26 | V89: =U89+V88 -> 68744887 | W89: =$B89*(1+W$3/12)^($B$1*12-$A89) -> 12112169 | X89: =W89+X88 -> 2.7160915e+09 | Y89: =W89/((1+'How much will I make'!$C$5/12)^(Calculations!$B$1*12-Calculations!$A89)) -> 2343854.2 | Z89: =Y89+Z88 -> 4.2205305e+08 | AA89: =$B89*(1+AA$3/12)^($B$1*12-$A89) -> 60138302 | AB89: =AA89+AB88 -> 1.685009e+10 | AC89: =AA89/((1+'How much will I make'!$C$5/12)^(Calculations!$B$1*12-Calculations!$A89)) -> 11637503 | AD89: =AC89+AD88 -> 2.5954682e+09 | AE89: =$B89*(1+AE$3/12)^($B$1*12-$A89) -> 2.9666653e+08 | AF89: =AE89+AF88 -> 1.0460093e+11 | AG89: =AE89/((1+'How much will I make'!$C$5/12)^(Calculations!$B$1*12-Calculations!$A89)) -> 57408633 | AH89: =AG89+AH88 -> 1.5979896e+10
A90: =A89+1 -> 86 | B90: =B89 -> 703.55021 | C90: =$B90*(1+$C$3/12)^($B$1*12-$A90) -> 3620.6008 | D90: =C90+D89 -> 307104.09 | E90: =$C90/((1+'How much will I make'!$C$5/12)^(Calculations!$B$1*12-Calculations!$A90)) -> 703.55021 | F90: =E90+F89 -> 50259.151 | G90: =$B90*(1+G$3/12)^($B$1*12-$A90) -> 18506.32 | H90: =G90+H89 -> 1882345.7 | I90: =G90/((1+'How much will I make'!$C$5/12)^(Calculations!$B$1*12-Calculations!$A90)) -> 3596.1229 | J90: =I90+J89 -> 304804.3 | K90: =$B90*(1+K$3/12)^($B$1*12-$A90) -> 93958.843 | L90: =K90+L89 -> 11571685 | M90: =K90/((1+'How much will I make'!$C$5/12)^(Calculations!$B$1*12-Calculations!$A90)) -> 18257.955 | N90: =M90+N89 -> 1854212.2 | O90: =$B90*(1+O$3/12)^($B$1*12-$A90) -> 473868.06 | P90: =O90+P89 -> 71328603 | Q90: =O90/((1+'How much will I make'!$C$5/12)^(Calculations!$B$1*12-Calculations!$A90)) -> 92081.397 | R90: =Q90+R89 -> 11312831 | S90: =$B90*(1+S$3/12)^($B$1*12-$A90) -> 2374122.4 | T90: =S90+T89 -> 4.4069759e+08 | U90: =S90/((1+'How much will I make'!$C$5/12)^(Calculations!$B$1*12-Calculations!$A90)) -> 461336.23 | V90: =U90+V89 -> 69206223 | W90: =$B90*(1+W$3/12)^($B$1*12-$A90) -> 11816750 | X90: =W90+X89 -> 2.7279082e+09 | Y90: =W90/((1+'How much will I make'!$C$5/12)^(Calculations!$B$1*12-Calculations!$A90)) -> 2296214.9 | Z90: =Y90+Z89 -> 4.2434926e+08 | AA90: =$B90*(1+AA$3/12)^($B$1*12-$A90) -> 58433977 | AB90: =AA90+AB89 -> 1.6908524e+10 | AC90: =AA90/((1+'How much will I make'!$C$5/12)^(Calculations!$B$1*12-Calculations!$A90)) -> 11354811 | AD90: =AC90+AD89 -> 2.606823e+09 | AE90: =$B90*(1+AE$3/12)^($B$1*12-$A90) -> 2.8709664e+08 | AF90: =AE90+AF89 -> 1.0488803e+11 | AG90: =AE90/((1+'How much will I make'!$C$5/12)^(Calculations!$B$1*12-Calculations!$A90)) -> 55788228 | AH90: =AG90+AH89 -> 1.6035684e+10
A91: =A90+1 -> 87 | B91: =B90 -> 703.55021 | C91: =$B91*(1+$C$3/12)^($B$1*12-$A91) -> 3605.5775 | D91: =C91+D90 -> 310709.66 | E91: =$C91/((1+'How much will I make'!$C$5/12)^(Calculations!$B$1*12-Calculations!$A91)) -> 703.55021 | F91: =E91+F90 -> 50962.701 | G91: =$B91*(1+G$3/12)^($B$1*12-$A91) -> 18353.375 | H91: =G91+H90 -> 1900699.1 | I91: =G91/((1+'How much will I make'!$C$5/12)^(Calculations!$B$1*12-Calculations!$A91)) -> 3581.2628 | J91: =I91+J90 -> 308385.57 | K91: =$B91*(1+K$3/12)^($B$1*12-$A91) -> 92798.857 | L91: =K91+L90 -> 11664484 | M91: =K91/((1+'How much will I make'!$C$5/12)^(Calculations!$B$1*12-Calculations!$A91)) -> 18107.683 | N91: =M91+N90 -> 1872319.9 | O91: =$B91*(1+O$3/12)^($B$1*12-$A91) -> 466099.74 | P91: =O91+P90 -> 71794703 | Q91: =O91/((1+'How much will I make'!$C$5/12)^(Calculations!$B$1*12-Calculations!$A91)) -> 90949.249 | R91: =Q91+R90 -> 11403780 | S91: =$B91*(1+S$3/12)^($B$1*12-$A91) -> 2325670.9 | T91: =S91+T90 -> 4.4302326e+08 | U91: =S91/((1+'How much will I make'!$C$5/12)^(Calculations!$B$1*12-Calculations!$A91)) -> 453804.21 | V91: =U91+V90 -> 69660028 | W91: =$B91*(1+W$3/12)^($B$1*12-$A91) -> 11528537 | X91: =W91+X90 -> 2.7394367e+09 | Y91: =W91/((1+'How much will I make'!$C$5/12)^(Calculations!$B$1*12-Calculations!$A91)) -> 2249543.8 | Z91: =Y91+Z90 -> 4.2659881e+08 | AA91: =$B91*(1+AA$3/12)^($B$1*12-$A91) -> 56777954 | AB91: =AA91+AB90 -> 1.6965302e+10 | AC91: =AA91/((1+'How much will I make'!$C$5/12)^(Calculations!$B$1*12-Calculations!$A91)) -> 11078986 | AD91: =AC91+AD90 -> 2.617902e+09 | AE91: =$B91*(1+AE$3/12)^($B$1*12-$A91) -> 2.7783546e+08 | AF91: =AE91+AF90 -> 1.0516587e+11 | AG91: =AE91/((1+'How much will I make'!$C$5/12)^(Calculations!$B$1*12-Calculations!$A91)) -> 54213560 | AH91: =AG91+AH90 -> 1.6089898e+10
A92: =A91+1 -> 88 | B92: =B91 -> 703.55021 | C92: =$B92*(1+$C$3/12)^($B$1*12-$A92) -> 3590.6166 | D92: =C92+D91 -> 314300.28 | E92: =$C92/((1+'How much will I make'!$C$5/12)^(Calculations!$B$1*12-Calculations!$A92)) -> 703.55021 | F92: =E92+F91 -> 51666.252 | G92: =$B92*(1+G$3/12)^($B$1*12-$A92) -> 18201.694 | H92: =G92+H91 -> 1918900.8 | I92: =G92/((1+'How much will I make'!$C$5/12)^(Calculations!$B$1*12-Calculations!$A92)) -> 3566.4642 | J92: =I92+J91 -> 311952.03 | K92: =$B92*(1+K$3/12)^($B$1*12-$A92) -> 91653.193 | L92: =K92+L91 -> 11756137 | M92: =K92/((1+'How much will I make'!$C$5/12)^(Calculations!$B$1*12-Calculations!$A92)) -> 17958.649 | N92: =M92+N91 -> 1890278.5 | O92: =$B92*(1+O$3/12)^($B$1*12-$A92) -> 458458.76 | P92: =O92+P91 -> 72253162 | Q92: =O92/((1+'How much will I make'!$C$5/12)^(Calculations!$B$1*12-Calculations!$A92)) -> 89831.02 | R92: =Q92+R91 -> 11493611 | S92: =$B92*(1+S$3/12)^($B$1*12-$A92) -> 2278208.2 | T92: =S92+T91 -> 4.4530147e+08 | U92: =S92/((1+'How much will I make'!$C$5/12)^(Calculations!$B$1*12-Calculations!$A92)) -> 446395.16 | V92: =U92+V91 -> 70106423 | W92: =$B92*(1+W$3/12)^($B$1*12-$A92) -> 11247353 | X92: =W92+X91 -> 2.7506841e+09 | Y92: =W92/((1+'How much will I make'!$C$5/12)^(Calculations!$B$1*12-Calculations!$A92)) -> 2203821.4 | Z92: =Y92+Z91 -> 4.2880263e+08 | AA92: =$B92*(1+AA$3/12)^($B$1*12-$A92) -> 55168862 | AB92: =AA92+AB91 -> 1.7020471e+10 | AC92: =AA92/((1+'How much will I make'!$C$5/12)^(Calculations!$B$1*12-Calculations!$A92)) -> 10809860 | AD92: =AC92+AD91 -> 2.6287119e+09 | AE92: =$B92*(1+AE$3/12)^($B$1*12-$A92) -> 2.6887302e+08 | AF92: =AE92+AF91 -> 1.0543474e+11 | AG92: =AE92/((1+'How much will I make'!$C$5/12)^(Calculations!$B$1*12-Calculations!$A92)) -> 52683339 | AH92: =AG92+AH91 -> 1.6142581e+10
A93: =A92+1 -> 89 | B93: =B92 -> 703.55021 | C93: =$B93*(1+$C$3/12)^($B$1*12-$A93) -> 3575.7178 | D93: =C93+D92 -> 317876 | E93: =$C93/((1+'How much will I make'!$C$5/12)^(Calculations!$B$1*12-Calculations!$A93)) -> 703.55021 | F93: =E93+F92 -> 52369.802 | G93: =$B93*(1+G$3/12)^($B$1*12-$A93) -> 18051.267 | H93: =G93+H92 -> 1936952 | I93: =G93/((1+'How much will I make'!$C$5/12)^(Calculations!$B$1*12-Calculations!$A93)) -> 3551.7268 | J93: =I93+J92 -> 315503.76 | K93: =$B93*(1+K$3/12)^($B$1*12-$A93) -> 90521.672 | L93: =K93+L92 -> 11846658 | M93: =K93/((1+'How much will I make'!$C$5/12)^(Calculations!$B$1*12-Calculations!$A93)) -> 17810.841 | N93: =M93+N92 -> 1908089.3 | O93: =$B93*(1+O$3/12)^($B$1*12-$A93) -> 450943.04 | P93: =O93+P92 -> 72704105 | Q93: =O93/((1+'How much will I make'!$C$5/12)^(Calculations!$B$1*12-Calculations!$A93)) -> 88726.541 | R93: =Q93+R92 -> 11582338 | S93: =$B93*(1+S$3/12)^($B$1*12-$A93) -> 2231714.2 | T93: =S93+T92 -> 4.4753318e+08 | U93: =S93/((1+'How much will I make'!$C$5/12)^(Calculations!$B$1*12-Calculations!$A93)) -> 439107.08 | V93: =U93+V92 -> 70545530 | W93: =$B93*(1+W$3/12)^($B$1*12-$A93) -> 10973027 | X93: =W93+X92 -> 2.7616571e+09 | Y93: =W93/((1+'How much will I make'!$C$5/12)^(Calculations!$B$1*12-Calculations!$A93)) -> 2159028.3 | Z93: =Y93+Z92 -> 4.3096166e+08 | AA93: =$B93*(1+AA$3/12)^($B$1*12-$A93) -> 53605372 | AB93: =AA93+AB92 -> 1.7074077e+10 | AC93: =AA93/((1+'How much will I make'!$C$5/12)^(Calculations!$B$1*12-Calculations!$A93)) -> 10547273 | AD93: =AC93+AD92 -> 2.6392592e+09 | AE93: =$B93*(1+AE$3/12)^($B$1*12-$A93) -> 2.601997e+08 | AF93: =AE93+AF92 -> 1.0569494e+11 | AG93: =AE93/((1+'How much will I make'!$C$5/12)^(Calculations!$B$1*12-Calculations!$A93)) -> 51196309 | AH93: =AG93+AH92 -> 1.6193777e+10
A94: =A93+1 -> 90 | B94: =B93 -> 703.55021 | C94: =$B94*(1+$C$3/12)^($B$1*12-$A94) -> 3560.8808 | D94: =C94+D93 -> 321436.88 | E94: =$C94/((1+'How much will I make'!$C$5/12)^(Calculations!$B$1*12-Calculations!$A94)) -> 703.55021 | F94: =E94+F93 -> 53073.352 | G94: =$B94*(1+G$3/12)^($B$1*12-$A94) -> 17902.083 | H94: =G94+H93 -> 1954854.1 | I94: =G94/((1+'How much will I make'!$C$5/12)^(Calculations!$B$1*12-Calculations!$A94)) -> 3537.0502 | J94: =I94+J93 -> 319040.81 | K94: =$B94*(1+K$3/12)^($B$1*12-$A94) -> 89404.12 | L94: =K94+L93 -> 11936063 | M94: =K94/((1+'How much will I make'!$C$5/12)^(Calculations!$B$1*12-Calculations!$A94)) -> 17664.25 | N94: =M94+N93 -> 1925753.6 | O94: =$B94*(1+O$3/12)^($B$1*12-$A94) -> 443550.53 | P94: =O94+P93 -> 73147655 | Q94: =O94/((1+'How much will I make'!$C$5/12)^(Calculations!$B$1*12-Calculations!$A94)) -> 87635.641 | R94: =Q94+R93 -> 11669974 | S94: =$B94*(1+S$3/12)^($B$1*12-$A94) -> 2186169 | T94: =S94+T93 -> 4.4971935e+08 | U94: =S94/((1+'How much will I make'!$C$5/12)^(Calculations!$B$1*12-Calculations!$A94)) -> 431937.98 | V94: =U94+V93 -> 70977468 | W94: =$B94*(1+W$3/12)^($B$1*12-$A94) -> 10705393 | X94: =W94+X93 -> 2.7723625e+09 | Y94: =W94/((1+'How much will I make'!$C$5/12)^(Calculations!$B$1*12-Calculations!$A94)) -> 2115145.6 | Z94: =Y94+Z93 -> 4.330768e+08 | AA94: =$B94*(1+AA$3/12)^($B$1*12-$A94) -> 52086191 | AB94: =AA94+AB93 -> 1.7126163e+10 | AC94: =AA94/((1+'How much will I make'!$C$5/12)^(Calculations!$B$1*12-Calculations!$A94)) -> 10291064 | AD94: =AC94+AD93 -> 2.6495502e+09 | AE94: =$B94*(1+AE$3/12)^($B$1*12-$A94) -> 2.5180616e+08 | AF94: =AE94+AF93 -> 1.0594675e+11 | AG94: =AE94/((1+'How much will I make'!$C$5/12)^(Calculations!$B$1*12-Calculations!$A94)) -> 49751252 | AH94: =AG94+AH93 -> 1.6243528e+10
A95: =A94+1 -> 91 | B95: =B94 -> 703.55021 | C95: =$B95*(1+$C$3/12)^($B$1*12-$A95) -> 3546.1053 | D95: =C95+D94 -> 324982.98 | E95: =$C95/((1+'How much will I make'!$C$5/12)^(Calculations!$B$1*12-Calculations!$A95)) -> 703.55021 | F95: =E95+F94 -> 53776.902 | G95: =$B95*(1+G$3/12)^($B$1*12-$A95) -> 17754.132 | H95: =G95+H94 -> 1972608.2 | I95: =G95/((1+'How much will I make'!$C$5/12)^(Calculations!$B$1*12-Calculations!$A95)) -> 3522.4343 | J95: =I95+J94 -> 322563.24 | K95: =$B95*(1+K$3/12)^($B$1*12-$A95) -> 88300.366 | L95: =K95+L94 -> 12024363 | M95: =K95/((1+'How much will I make'!$C$5/12)^(Calculations!$B$1*12-Calculations!$A95)) -> 17518.865 | N95: =M95+N94 -> 1943272.5 | O95: =$B95*(1+O$3/12)^($B$1*12-$A95) -> 436279.21 | P95: =O95+P94 -> 73583934 | Q95: =O95/((1+'How much will I make'!$C$5/12)^(Calculations!$B$1*12-Calculations!$A95)) -> 86558.153 | R95: =Q95+R94 -> 11756532 | S95: =$B95*(1+S$3/12)^($B$1*12-$A95) -> 2141553.3 | T95: =S95+T94 -> 4.5186091e+08 | U95: =S95/((1+'How much will I make'!$C$5/12)^(Calculations!$B$1*12-Calculations!$A95)) -> 424885.93 | V95: =U95+V94 -> 71402354 | W95: =$B95*(1+W$3/12)^($B$1*12-$A95) -> 10444286 | X95: =W95+X94 -> 2.7828068e+09 | Y95: =W95/((1+'How much will I make'!$C$5/12)^(Calculations!$B$1*12-Calculations!$A95)) -> 2072154.8 | Z95: =Y95+Z94 -> 4.3514896e+08 | AA95: =$B95*(1+AA$3/12)^($B$1*12-$A95) -> 50610064 | AB95: =AA95+AB94 -> 1.7176773e+10 | AC95: =AA95/((1+'How much will I make'!$C$5/12)^(Calculations!$B$1*12-Calculations!$A95)) -> 10041078 | AD95: =AC95+AD94 -> 2.6595913e+09 | AE95: =$B95*(1+AE$3/12)^($B$1*12-$A95) -> 2.4368338e+08 | AF95: =AE95+AF94 -> 1.0619043e+11 | AG95: =AE95/((1+'How much will I make'!$C$5/12)^(Calculations!$B$1*12-Calculations!$A95)) -> 48346983 | AH95: =AG95+AH94 -> 1.6291875e+10
A96: =A95+1 -> 92 | B96: =B95 -> 703.55021 | C96: =$B96*(1+$C$3/12)^($B$1*12-$A96) -> 3531.3912 | D96: =C96+D95 -> 328514.38 | E96: =$C96/((1+'How much will I make'!$C$5/12)^(Calculations!$B$1*12-Calculations!$A96)) -> 703.55021 | F96: =E96+F95 -> 54480.452 | G96: =$B96*(1+G$3/12)^($B$1*12-$A96) -> 17607.403 | H96: =G96+H95 -> 1990215.6 | I96: =G96/((1+'How much will I make'!$C$5/12)^(Calculations!$B$1*12-Calculations!$A96)) -> 3507.8788 | J96: =I96+J95 -> 326071.12 | K96: =$B96*(1+K$3/12)^($B$1*12-$A96) -> 87210.238 | L96: =K96+L95 -> 12111573 | M96: =K96/((1+'How much will I make'!$C$5/12)^(Calculations!$B$1*12-Calculations!$A96)) -> 17374.677 | N96: =M96+N95 -> 1960647.1 | O96: =$B96*(1+O$3/12)^($B$1*12-$A96) -> 429127.09 | P96: =O96+P95 -> 74013062 | Q96: =O96/((1+'How much will I make'!$C$5/12)^(Calculations!$B$1*12-Calculations!$A96)) -> 85493.914 | R96: =Q96+R95 -> 11842026 | S96: =$B96*(1+S$3/12)^($B$1*12-$A96) -> 2097848.1 | T96: =S96+T95 -> 4.5395875e+08 | U96: =S96/((1+'How much will I make'!$C$5/12)^(Calculations!$B$1*12-Calculations!$A96)) -> 417949.02 | V96: =U96+V95 -> 71820303 | W96: =$B96*(1+W$3/12)^($B$1*12-$A96) -> 10189547 | X96: =W96+X95 -> 2.7929964e+09 | Y96: =W96/((1+'How much will I make'!$C$5/12)^(Calculations!$B$1*12-Calculations!$A96)) -> 2030037.8 | Z96: =Y96+Z95 -> 4.3717899e+08 | AA96: =$B96*(1+AA$3/12)^($B$1*12-$A96) -> 49175771 | AB96: =AA96+AB95 -> 1.7225949e+10 | AC96: =AA96/((1+'How much will I make'!$C$5/12)^(Calculations!$B$1*12-Calculations!$A96)) -> 9797165.5 | AD96: =AC96+AD95 -> 2.6693885e+09 | AE96: =$B96*(1+AE$3/12)^($B$1*12-$A96) -> 2.3582263e+08 | AF96: =AE96+AF95 -> 1.0642625e+11 | AG96: =AE96/((1+'How much will I make'!$C$5/12)^(Calculations!$B$1*12-Calculations!$A96)) -> 46982350 | AH96: =AG96+AH95 -> 1.6338858e+10
A97: =A96+1 -> 93 | B97: =B96 -> 703.55021 | C97: =$B97*(1+$C$3/12)^($B$1*12-$A97) -> 3516.7381 | D97: =C97+D96 -> 332031.11 | E97: =$C97/((1+'How much will I make'!$C$5/12)^(Calculations!$B$1*12-Calculations!$A97)) -> 703.55021 | F97: =E97+F96 -> 55184.003 | G97: =$B97*(1+G$3/12)^($B$1*12-$A97) -> 17461.888 | H97: =G97+H96 -> 2007677.5 | I97: =G97/((1+'How much will I make'!$C$5/12)^(Calculations!$B$1*12-Calculations!$A97)) -> 3493.3834 | J97: =I97+J96 -> 329564.5 | K97: =$B97*(1+K$3/12)^($B$1*12-$A97) -> 86133.568 | L97: =K97+L96 -> 12197707 | M97: =K97/((1+'How much will I make'!$C$5/12)^(Calculations!$B$1*12-Calculations!$A97)) -> 17231.675 | N97: =M97+N96 -> 1977878.8 | O97: =$B97*(1+O$3/12)^($B$1*12-$A97) -> 422092.22 | P97: =O97+P96 -> 74435154 | Q97: =O97/((1+'How much will I make'!$C$5/12)^(Calculations!$B$1*12-Calculations!$A97)) -> 84442.759 | R97: =Q97+R96 -> 11926468 | S97: =$B97*(1+S$3/12)^($B$1*12-$A97) -> 2055034.9 | T97: =S97+T96 -> 4.5601379e+08 | U97: =S97/((1+'How much will I make'!$C$5/12)^(Calculations!$B$1*12-Calculations!$A97)) -> 411125.36 | V97: =U97+V96 -> 72231428 | W97: =$B97*(1+W$3/12)^($B$1*12-$A97) -> 9941021.3 | X97: =W97+X96 -> 2.8029374e+09 | Y97: =W97/((1+'How much will I make'!$C$5/12)^(Calculations!$B$1*12-Calculations!$A97)) -> 1988776.9 | Z97: =Y97+Z96 -> 4.3916777e+08 | AA97: =$B97*(1+AA$3/12)^($B$1*12-$A97) -> 47782126 | AB97: =AA97+AB96 -> 1.7273731e+10 | AC97: =AA97/((1+'How much will I make'!$C$5/12)^(Calculations!$B$1*12-Calculations!$A97)) -> 9559177.7 | AD97: =AC97+AD96 -> 2.6789476e+09 | AE97: =$B97*(1+AE$3/12)^($B$1*12-$A97) -> 2.2821545e+08 | AF97: =AE97+AF96 -> 1.0665447e+11 | AG97: =AE97/((1+'How much will I make'!$C$5/12)^(Calculations!$B$1*12-Calculations!$A97)) -> 45656236 | AH97: =AG97+AH96 -> 1.6384514e+10
A98: =A97+1 -> 94 | B98: =B97 -> 703.55021 | C98: =$B98*(1+$C$3/12)^($B$1*12-$A98) -> 3502.1459 | D98: =C98+D97 -> 335533.26 | E98: =$C98/((1+'How much will I make'!$C$5/12)^(Calculations!$B$1*12-Calculations!$A98)) -> 703.55021 | F98: =E98+F97 -> 55887.553 | G98: =$B98*(1+G$3/12)^($B$1*12-$A98) -> 17317.575 | H98: =G98+H97 -> 2024995.1 | I98: =G98/((1+'How much will I make'!$C$5/12)^(Calculations!$B$1*12-Calculations!$A98)) -> 3478.948 | J98: =I98+J97 -> 333043.45 | K98: =$B98*(1+K$3/12)^($B$1*12-$A98) -> 85070.191 | L98: =K98+L97 -> 12282777 | M98: =K98/((1+'How much will I make'!$C$5/12)^(Calculations!$B$1*12-Calculations!$A98)) -> 17089.851 | N98: =M98+N97 -> 1994968.7 | O98: =$B98*(1+O$3/12)^($B$1*12-$A98) -> 415172.68 | P98: =O98+P97 -> 74850326 | Q98: =O98/((1+'How much will I make'!$C$5/12)^(Calculations!$B$1*12-Calculations!$A98)) -> 83404.528 | R98: =Q98+R97 -> 12009873 | S98: =$B98*(1+S$3/12)^($B$1*12-$A98) -> 2013095.4 | T98: =S98+T97 -> 4.5802688e+08 | U98: =S98/((1+'How much will I make'!$C$5/12)^(Calculations!$B$1*12-Calculations!$A98)) -> 404413.11 | V98: =U98+V97 -> 72635841 | W98: =$B98*(1+W$3/12)^($B$1*12-$A98) -> 9698557.4 | X98: =W98+X97 -> 2.8126359e+09 | Y98: =W98/((1+'How much will I make'!$C$5/12)^(Calculations!$B$1*12-Calculations!$A98)) -> 1948354.6 | Z98: =Y98+Z97 -> 4.4111613e+08 | AA98: =$B98*(1+AA$3/12)^($B$1*12-$A98) -> 46427976 | AB98: =AA98+AB97 -> 1.7320159e+10 | AC98: =AA98/((1+'How much will I make'!$C$5/12)^(Calculations!$B$1*12-Calculations!$A98)) -> 9326970.9 | AD98: =AC98+AD97 -> 2.6882746e+09 | AE98: =$B98*(1+AE$3/12)^($B$1*12-$A98) -> 2.2085366e+08 | AF98: =AE98+AF97 -> 1.0687532e+11 | AG98: =AE98/((1+'How much will I make'!$C$5/12)^(Calculations!$B$1*12-Calculations!$A98)) -> 44367552 | AH98: =AG98+AH97 -> 1.6428882e+10
A99: =A98+1 -> 95 | B99: =B98 -> 703.55021 | C99: =$B99*(1+$C$3/12)^($B$1*12-$A99) -> 3487.6141 | D99: =C99+D98 -> 339020.87 | E99: =$C99/((1+'How much will I make'!$C$5/12)^(Calculations!$B$1*12-Calculations!$A99)) -> 703.55021 | F99: =E99+F98 -> 56591.103 | G99: =$B99*(1+G$3/12)^($B$1*12-$A99) -> 17174.454 | H99: =G99+H98 -> 2042169.6 | I99: =G99/((1+'How much will I make'!$C$5/12)^(Calculations!$B$1*12-Calculations!$A99)) -> 3464.5721 | J99: =I99+J98 -> 336508.02 | K99: =$B99*(1+K$3/12)^($B$1*12-$A99) -> 84019.941 | L99: =K99+L98 -> 12366797 | M99: =K99/((1+'How much will I make'!$C$5/12)^(Calculations!$B$1*12-Calculations!$A99)) -> 16949.194 | N99: =M99+N98 -> 2011917.9 | O99: =$B99*(1+O$3/12)^($B$1*12-$A99) -> 408366.57 | P99: =O99+P98 -> 75258693 | Q99: =O99/((1+'How much will I make'!$C$5/12)^(Calculations!$B$1*12-Calculations!$A99)) -> 82379.063 | R99: =Q99+R98 -> 12092252 | S99: =$B99*(1+S$3/12)^($B$1*12-$A99) -> 1972011.8 | T99: =S99+T98 -> 4.599989e+08 | U99: =S99/((1+'How much will I make'!$C$5/12)^(Calculations!$B$1*12-Calculations!$A99)) -> 397810.45 | V99: =U99+V98 -> 73033652 | W99: =$B99*(1+W$3/12)^($B$1*12-$A99) -> 9462007.2 | X99: =W99+X98 -> 2.8220979e+09 | Y99: =W99/((1+'How much will I make'!$C$5/12)^(Calculations!$B$1*12-Calculations!$A99)) -> 1908753.9 | Z99: =Y99+Z98 -> 4.4302488e+08 | AA99: =$B99*(1+AA$3/12)^($B$1*12-$A99) -> 45112204 | AB99: =AA99+AB98 -> 1.7365271e+10 | AC99: =AA99/((1+'How much will I make'!$C$5/12)^(Calculations!$B$1*12-Calculations!$A99)) -> 9100404.8 | AD99: =AC99+AD98 -> 2.697375e+09 | AE99: =$B99*(1+AE$3/12)^($B$1*12-$A99) -> 2.1372935e+08 | AF99: =AE99+AF98 -> 1.0708905e+11 | AG99: =AE99/((1+'How much will I make'!$C$5/12)^(Calculations!$B$1*12-Calculations!$A99)) -> 43115242 | AH99: =AG99+AH98 -> 1.6471997e+10
A100: =A99+1 -> 96 | B100: =B99 -> 703.55021 | C100: =$B100*(1+$C$3/12)^($B$1*12-$A100) -> 3473.1427 | D100: =C100+D99 -> 342494.02 | E100: =$C100/((1+'How much will I make'!$C$5/12)^(Calculations!$B$1*12-Calculations!$A100)) -> 703.55021 | F100: =E100+F99 -> 57294.653 | G100: =$B100*(1+G$3/12)^($B$1*12-$A100) -> 17032.516 | H100: =G100+H99 -> 2059202.1 | I100: =G100/((1+'How much will I make'!$C$5/12)^(Calculations!$B$1*12-Calculations!$A100)) -> 3450.2557 | J100: =I100+J99 -> 339958.28 | K100: =$B100*(1+K$3/12)^($B$1*12-$A100) -> 82982.658 | L100: =K100+L99 -> 12449779 | M100: =K100/((1+'How much will I make'!$C$5/12)^(Calculations!$B$1*12-Calculations!$A100)) -> 16809.694 | N100: =M100+N99 -> 2028727.6 | O100: =$B100*(1+O$3/12)^($B$1*12-$A100) -> 401672.03 | P100: =O100+P99 -> 75660365 | Q100: =O100/((1+'How much will I make'!$C$5/12)^(Calculations!$B$1*12-Calculations!$A100)) -> 81366.205 | R100: =Q100+R99 -> 12173618 | S100: =$B100*(1+S$3/12)^($B$1*12-$A100) -> 1931766.7 | T100: =S100+T99 -> 4.6193066e+08 | U100: =S100/((1+'How much will I make'!$C$5/12)^(Calculations!$B$1*12-Calculations!$A100)) -> 391315.59 | V100: =U100+V99 -> 73424967 | W100: =$B100*(1+W$3/12)^($B$1*12-$A100) -> 9231226.5 | X100: =W100+X99 -> 2.8313292e+09 | Y100: =W100/((1+'How much will I make'!$C$5/12)^(Calculations!$B$1*12-Calculations!$A100)) -> 1869958.1 | Z100: =Y100+Z99 -> 4.4489484e+08 | AA100: =$B100*(1+AA$3/12)^($B$1*12-$A100) -> 43833720 | AB100: =AA100+AB99 -> 1.7409105e+10 | AC100: =AA100/((1+'How much will I make'!$C$5/12)^(Calculations!$B$1*12-Calculations!$A100)) -> 8879342.3 | AD100: =AC100+AD99 -> 2.7062544e+09 | AE100: =$B100*(1+AE$3/12)^($B$1*12-$A100) -> 2.0683485e+08 | AF100: =AE100+AF99 -> 1.0729588e+11 | AG100: =AE100/((1+'How much will I make'!$C$5/12)^(Calculations!$B$1*12-Calculations!$A100)) -> 41898279 | AH100: =AG100+AH99 -> 1.6513895e+10
A101: =A100+1 -> 97 | B101: =B100*(1+'How much will I make'!$C$4) -> 738.72772 | C101: =$B101*(1+$C$3/12)^($B$1*12-$A101) -> 3631.6679 | D101: =C101+D100 -> 346125.68 | E101: =$C101/((1+'How much will I make'!$C$5/12)^(Calculations!$B$1*12-Calculations!$A101)) -> 738.72772 | F101: =E101+F100 -> 58033.381 | G101: =$B101*(1+G$3/12)^($B$1*12-$A101) -> 17736.339 | H101: =G101+H100 -> 2076938.4 | I101: =G101/((1+'How much will I make'!$C$5/12)^(Calculations!$B$1*12-Calculations!$A101)) -> 3607.7984 | J101: =I101+J100 -> 343566.08 | K101: =$B101*(1+K$3/12)^($B$1*12-$A101) -> 86056.09 | L101: =K101+L100 -> 12535836 | M101: =K101/((1+'How much will I make'!$C$5/12)^(Calculations!$B$1*12-Calculations!$A101)) -> 17504.91 | N101: =M101+N100 -> 2046232.5 | O101: =$B101*(1+O$3/12)^($B$1*12-$A101) -> 414841.61 | P101: =O101+P100 -> 76075207 | Q101: =O101/((1+'How much will I make'!$C$5/12)^(Calculations!$B$1*12-Calculations!$A101)) -> 84384.091 | R101: =Q101+R100 -> 12258002 | S101: =$B101*(1+S$3/12)^($B$1*12-$A101) -> 1986960 | T101: =S101+T100 -> 4.6391762e+08 | U101: =S101/((1+'How much will I make'!$C$5/12)^(Calculations!$B$1*12-Calculations!$A101)) -> 404173.1 | V101: =U101+V100 -> 73829140 | W101: =$B101*(1+W$3/12)^($B$1*12-$A101) -> 9456378.4 | X101: =W101+X100 -> 2.8407855e+09 | Y101: =W101/((1+'How much will I make'!$C$5/12)^(Calculations!$B$1*12-Calculations!$A101)) -> 1923548.4 | Z101: =Y101+Z100 -> 4.4681839e+08 | AA101: =$B101*(1+AA$3/12)^($B$1*12-$A101) -> 44721043 | AB101: =AA101+AB100 -> 1.7453826e+10 | AC101: =AA101/((1+'How much will I make'!$C$5/12)^(Calculations!$B$1*12-Calculations!$A101)) -> 9096832.3 | AD101: =AC101+AD100 -> 2.7153512e+09 | AE101: =$B101*(1+AE$3/12)^($B$1*12-$A101) -> 2.101709e+08 | AF101: =AE101+AF100 -> 1.0750606e+11 | AG101: =AE101/((1+'How much will I make'!$C$5/12)^(Calculations!$B$1*12-Calculations!$A101)) -> 42751450 | AH101: =AG101+AH100 -> 1.6556647e+10
...
